date,kwh,reactive_kvarh,voltage,intensity,sub1_wh,sub2_wh,sub3_wh,other_wh
2006-12-17,56.507666666666665,3.766766666666667,240.0870277777778,9.999027777777778,2033.0,4187.0,13341.0,36946.666666666664
2006-12-18,36.73043333333333,2.6965333333333334,241.23169444444446,6.421666666666667,1063.0,2621.0,14018.0,19028.433333333327
2006-12-19,27.7699,2.5157000000000003,241.9993125,4.926388888888889,839.0,7602.0,6197.0,13131.900000000001
2006-12-20,37.095800000000004,2.6833,242.30806249999998,6.467361111111111,0.0,2648.0,14063.0,20384.800000000003
2006-12-21,28.610400000000002,2.4027666666666665,241.04054937413073,5.033796940194716,1765.0,2623.0,10421.0,13801.400000000001
2006-12-22,39.0223,3.1151,241.1845486111111,6.872916666666667,3151.0,350.0,11131.0,24390.300000000003
2006-12-23,79.55643333333335,3.6911666666666667,240.1360763888889,14.028055555555557,2669.0,425.0,14726.0,61736.43333333335
2006-12-24,42.5002,2.4983333333333335,241.6874375,7.640416666666667,1703.0,5082.0,6891.0,28824.199999999997
2006-12-25,45.718666666666664,4.004666666666667,243.39993055555558,7.951527777777779,6620.0,1962.0,5795.0,31341.666666666664
2006-12-26,65.5685,2.7517,241.6254375,11.347916666666666,1086.0,2533.0,14979.0,46970.5
2006-12-27,25.479333333333333,2.9816999999999996,243.76736111111111,4.5175,0.0,314.0,6976.0,18189.333333333332
2006-12-28,34.54396666666666,3.481266666666667,243.26833333333335,6.086250000000001,2207.0,4419.0,9176.0,18741.96666666666
2006-12-29,52.90653333333333,3.273233333333333,240.87130555555555,9.271388888888888,1252.0,5162.0,11329.0,35163.533333333326
2006-12-30,46.48836666666667,5.1988,240.54068845618914,8.292211404728791,3072.0,7891.0,12480.0,23045.36666666667
2006-12-31,58.236599999999996,2.5142,239.8965763888889,10.199583333333333,0.0,347.0,6502.0,51387.6
2007-01-01,45.81673333333333,2.4694333333333334,240.12897916666665,7.916944444444444,0.0,352.0,5880.0,39584.73333333333
2007-01-02,21.153933333333335,3.172366666666667,241.94377777777777,3.7140277777777775,0.0,348.0,6562.0,14243.933333333334
2007-01-03,16.9009,3.2788,243.5570902777778,3.0140277777777778,0.0,344.0,4765.0,11791.900000000001
2007-01-04,54.32353333333333,3.3716999999999997,239.7502986111111,9.478194444444444,1051.0,7597.0,10896.0,34779.53333333333
2007-01-05,45.22273333333333,2.8859,240.49576388888892,7.885138888888889,1483.0,379.0,7602.0,35758.73333333333
2007-01-06,25.139633333333332,3.203133333333333,239.67305555555555,4.543888888888889,1336.0,402.0,5678.0,17723.63333333333
2007-01-07,40.79366666666667,4.101233333333334,240.90248611111113,7.282638888888889,1987.0,8177.0,12810.0,17819.666666666664
2007-01-08,37.356,3.4594666666666667,239.5769513888889,6.551666666666667,0.0,467.0,17547.0,19342.0
2007-01-09,31.1509,3.454133333333333,240.48752083333335,5.521111111111111,1688.0,4267.0,9790.0,15405.900000000001
2007-01-10,35.913333333333334,3.807533333333333,241.02745138888892,6.357777777777779,771.0,4456.0,11012.0,19674.333333333336
2007-01-11,37.58656666666666,3.833666666666667,241.1556875,6.658333333333333,1378.0,2170.0,12415.0,21623.566666666666
2007-01-12,24.354933333333335,3.319,241.53820833333336,4.309166666666666,0.0,439.0,8276.0,15639.933333333334
2007-01-13,53.113566666666664,4.8456,239.28361111111113,9.453055555555554,7806.0,2975.0,11341.0,30991.566666666666
2007-01-14,50.130266666666664,3.7853333333333334,238.8218485059069,8.968311327310632,1777.0,4215.0,12975.0,31163.266666666663
2007-01-15,35.811299999999996,2.9143333333333334,241.2409097222222,6.261527777777778,1099.0,2239.0,15163.0,17310.299999999996
2007-01-16,28.106733333333334,3.0904666666666665,241.94475694444446,4.975972222222222,2063.0,644.0,6583.0,18816.733333333334
2007-01-17,47.46146666666667,3.3458666666666668,241.00525,8.283888888888889,3500.0,5737.0,16064.0,22160.466666666667
2007-01-18,30.3577,2.9618666666666664,240.89359722222224,5.3425,0.0,336.0,13491.0,16530.7
2007-01-19,24.674,2.8342,240.16094444444445,4.37625,2103.0,330.0,7172.0,15069.0
2007-01-20,52.22886666666667,3.9727,238.8674722222222,9.348055555555556,4324.0,5222.0,11440.0,31242.86666666667
2007-01-21,56.7877,3.828933333333333,238.96811805555558,10.190694444444444,10346.0,5567.0,11599.0,29275.700000000004
2007-01-22,36.34156666666667,2.8106999999999998,241.60313194444444,6.355277777777778,1054.0,2983.0,11361.0,20943.566666666673
2007-01-23,29.627333333333336,2.304666666666667,242.76255555555556,5.260833333333333,0.0,1064.0,5061.0,23502.333333333336
2007-01-24,49.79756666666666,2.9676666666666667,241.45769444444446,8.733611111111111,3464.0,2480.0,11744.0,32109.56666666666
2007-01-25,26.605733333333333,2.4026666666666667,243.42436111111112,4.629305555555556,1158.0,262.0,11239.0,13946.733333333334
2007-01-26,26.9662,2.3817,242.77179166666667,4.721388888888889,1163.0,261.0,8238.0,17304.2
2007-01-27,34.06786666666667,2.4707,241.61656944444442,5.949861111111111,1170.0,3896.0,12374.0,16627.86666666667
2007-01-28,51.503400000000006,2.5558666666666667,240.30478804725504,9.133703961084086,3466.0,3997.0,12045.0,31995.40000000001
2007-01-29,33.0444,2.7616,240.9295972222222,5.788888888888889,1123.0,294.0,15254.0,16373.400000000001
2007-01-30,28.4633,3.0155666666666665,241.84087499999998,5.028194444444445,1123.0,1424.0,8149.0,17767.3
2007-01-31,39.39586666666666,3.0998,239.92113194444443,6.923611111111111,0.0,5950.0,15052.0,18393.86666666666
2007-02-01,30.412666666666667,2.5044,240.3921388888889,5.3325000000000005,1170.0,386.0,13145.0,15711.666666666668
2007-02-02,27.7956,2.3257,240.3343888888889,4.870833333333334,0.0,356.0,11338.0,16101.599999999999
2007-02-03,67.16203333333334,4.097066666666667,238.91019444444444,11.815972222222221,4746.0,4573.0,17834.0,40009.03333333334
2007-02-04,59.93233333333333,3.108233333333333,239.63333333333333,10.565416666666668,3391.0,4597.0,14472.0,37472.333333333336
2007-02-05,27.421333333333333,2.4538,240.81031249999998,4.820416666666667,896.0,2564.0,7849.0,16112.333333333332
2007-02-06,21.224666666666668,2.3761,241.26415972222225,3.7719444444444448,1185.0,405.0,4517.0,15117.666666666668
2007-02-07,38.8003,2.9617999999999998,241.14969444444444,6.791666666666667,3299.0,3513.0,11986.0,20002.300000000003
2007-02-08,30.023566666666667,2.3149333333333333,241.79730555555554,5.248333333333334,2226.0,366.0,10157.0,17274.566666666666
2007-02-09,27.003300000000003,2.6344333333333334,241.74044444444445,4.727222222222222,0.0,3045.0,9770.0,14188.300000000003
2007-02-10,47.15546666666667,3.2162333333333333,240.0368263888889,8.303749999999999,5071.0,2831.0,14405.0,24848.466666666667
2007-02-11,59.52046666666667,3.4052333333333333,239.5061458333333,10.526805555555557,2430.0,4765.0,13114.0,39211.466666666674
2007-02-12,31.293499999999998,2.2784,240.09850000000003,5.503472222222222,2227.0,399.0,11517.0,17150.499999999996
2007-02-13,23.575766666666667,2.2446333333333333,241.16685416666667,4.14375,0.0,2828.0,6256.0,14491.766666666666
2007-02-14,41.644533333333335,3.3751,240.3753888888889,7.315138888888888,3295.0,3793.0,11579.0,22977.533333333333
2007-02-15,33.0891,2.7660666666666667,240.66922222222223,5.820277777777778,0.0,2363.0,14028.0,16698.1
2007-02-16,28.375466666666668,2.5281000000000002,240.82094444444442,5.0465277777777775,1148.0,859.0,8689.0,17679.466666666667
2007-02-17,34.615199999999994,3.9827999999999997,239.31603472222224,6.129166666666666,1765.0,2226.0,7157.0,23467.199999999997
2007-02-18,63.82936666666667,4.2587,239.17080555555557,11.238888888888889,6107.0,8003.0,13129.0,36590.366666666676
2007-02-19,36.44356666666667,2.9430666666666667,239.78958333333333,6.442222222222222,1634.0,2900.0,13085.0,18824.566666666666
2007-02-20,52.498799999999996,3.1193,239.86544444444445,9.168472222222222,2058.0,5191.0,9713.0,35536.799999999996
2007-02-21,34.5479,3.1645,240.46096527777777,6.0744444444444445,3527.0,2332.0,11548.0,17140.9
2007-02-22,56.15796666666667,2.2992333333333335,238.62353963838666,9.870792767732963,1409.0,4129.0,12251.0,38368.96666666667
2007-02-23,21.891333333333332,2.4890666666666665,240.68596527777777,3.825416666666667,0.0,503.0,10786.0,10602.333333333332
2007-02-24,11.915366666666667,2.0367,239.86310416666666,2.0858333333333334,0.0,363.0,3562.0,7990.366666666667
2007-02-25,8.362333333333334,1.8956000000000002,241.6815486111111,1.462222222222222,0.0,329.0,1660.0,6373.333333333334
2007-02-26,9.474733333333335,1.8046666666666666,241.27359027777777,1.658888888888889,0.0,331.0,2830.0,6313.733333333335
2007-02-27,8.6352,1.8867333333333332,242.94427083333332,1.5245833333333334,0.0,314.0,1924.0,6397.199999999999
2007-02-28,8.679566666666666,1.8895333333333333,242.15959027777777,1.5284722222222222,0.0,340.0,1973.0,6366.566666666666
2007-03-01,8.626066666666667,1.7938,241.3214027777778,1.508888888888889,0.0,316.0,1980.0,6330.066666666666
2007-03-02,8.5948,1.7834666666666665,240.59159722222225,1.5068055555555557,0.0,340.0,1969.0,6285.799999999999
2007-03-03,13.652033333333332,2.2498666666666667,241.28808333333336,2.401111111111111,0.0,347.0,4597.0,8708.033333333331
2007-03-04,34.845,2.928033333333333,240.0297986111111,6.158194444444444,1476.0,8711.0,9408.0,15250.0
2007-03-05,44.33886666666667,3.4326,240.03090972222222,7.840277777777778,5727.0,12109.0,10026.0,16476.86666666667
2007-03-06,20.775,3.1024666666666665,240.98806944444445,3.6956944444444444,0.0,1740.0,4700.0,14335.0
2007-03-07,39.58676666666667,2.853333333333333,240.3235625,6.935,1076.0,4761.0,15513.0,18236.76666666667
2007-03-08,26.2022,3.1233999999999997,240.66542361111112,4.665138888888889,2180.0,3385.0,6655.0,13982.2
2007-03-09,21.2102,1.9873,240.88846527777778,3.73125,1093.0,345.0,8631.0,11141.2
2007-03-10,41.41186666666667,4.0588,239.80283333333335,7.341944444444445,4130.0,5422.0,10979.0,20880.86666666667
2007-03-11,58.0106,2.8895666666666666,240.00729166666667,10.121527777777779,4810.0,3420.0,9500.0,40280.6
2007-03-12,32.51113333333333,2.2403666666666666,240.55871527777776,5.728472222222222,1403.0,2841.0,12353.0,15914.133333333335
2007-03-13,21.5024,2.1119666666666665,240.89796527777779,3.8056944444444443,1350.0,3859.0,5323.0,10970.400000000001
2007-03-14,29.889400000000002,2.6253666666666664,240.77729166666666,5.2675,3485.0,480.0,8607.0,17317.4
2007-03-15,31.413566666666668,2.6554333333333333,240.28049305555552,5.523194444444444,0.0,3263.0,11036.0,17114.56666666667
2007-03-16,28.36756666666667,2.1701333333333332,239.52713194444445,4.992361111111111,1106.0,4604.0,5370.0,17287.56666666667
2007-03-17,33.8015,2.1178,238.22465277777778,5.946111111111111,2208.0,359.0,12275.0,18959.5
2007-03-18,39.51743333333333,4.024166666666667,241.04781944444443,7.007916666666667,6564.0,7369.0,5856.0,19728.433333333327
2007-03-19,35.8753,2.4127333333333336,240.49709027777777,6.281944444444444,1648.0,2686.0,14118.0,17423.300000000003
2007-03-20,34.77046666666667,2.7478333333333333,240.8156388888889,6.151249999999999,3745.0,2837.0,11255.0,16933.466666666674
2007-03-21,35.70153333333334,2.3805,240.98664583333334,6.237222222222223,1865.0,4133.0,12335.0,17368.53333333334
2007-03-22,24.249633333333335,1.8970999999999998,241.76352777777777,4.223055555555556,353.0,736.0,10462.0,12698.633333333335
2007-03-23,21.8168,1.9914666666666667,241.64547916666666,3.80375,1127.0,777.0,8369.0,11543.8
2007-03-24,49.47383333333333,3.1837333333333335,239.70447222222222,8.703333333333333,3707.0,5797.0,16382.0,23587.83333333333
2007-03-25,55.602066666666666,3.932866666666667,240.0327588603197,9.722307157748435,4630.0,3600.0,9358.0,38014.066666666666
2007-03-26,23.601366666666667,2.6827666666666667,241.3368125,4.183055555555556,1088.0,344.0,9096.0,13073.366666666669
2007-03-27,18.419,2.528766666666667,240.60197916666664,3.296527777777778,0.0,3019.0,3697.0,11703.0
2007-03-28,38.8983,3.2753,240.4446111111111,6.854583333333333,1122.0,8527.0,13888.0,15361.299999999996
2007-03-29,26.506766666666667,3.3116,240.5366875,4.676805555555556,1162.0,460.0,10724.0,14160.766666666666
2007-03-30,23.373233333333335,3.0188,241.03922916666667,4.189583333333333,1094.0,468.0,8217.0,13594.233333333334
2007-03-31,58.49183333333334,3.8584,239.26077083333334,10.264722222222222,2620.0,7707.0,17682.0,30482.833333333336
2007-04-01,46.43253333333333,3.3758666666666666,240.02448611111112,8.149444444444445,4629.0,5401.0,19509.0,16893.533333333333
2007-04-02,32.679633333333335,2.9056,240.46011805555557,5.71263888888889,1755.0,970.0,16641.0,13313.633333333335
2007-04-03,27.380333333333333,2.8126666666666664,240.50495833333335,4.84625,3630.0,1042.0,7637.0,15071.333333333332
2007-04-04,34.1978,2.871966666666667,240.33178472222224,5.98625,3434.0,420.0,14748.0,15595.800000000003
2007-04-05,30.73463333333333,4.075633333333333,241.1731041666667,5.491527777777778,1086.0,4277.0,10523.0,14848.633333333331
2007-04-06,26.68566666666667,2.3869,241.18445138888887,4.688611111111111,0.0,5466.0,9166.0,12053.666666666672
2007-04-07,25.898733333333332,2.3121666666666667,240.37859027777776,4.564583333333333,1127.0,3111.0,5923.0,15737.733333333334
2007-04-08,26.8136,2.2647,240.34918055555556,4.719861111111111,0.0,485.0,3545.0,22783.600000000002
2007-04-09,16.682,2.6685,240.55048611111113,2.974583333333333,2667.0,514.0,3801.0,9700.0
2007-04-10,12.956066666666667,2.4823333333333335,240.8137013888889,2.347361111111111,209.0,742.0,2572.0,9433.066666666668
2007-04-11,14.791366666666667,3.2074333333333334,241.1548263888889,2.61875,0.0,1112.0,6421.0,7258.366666666667
2007-04-12,8.961766666666668,2.4635333333333334,240.25606249999998,1.5979166666666667,0.0,541.0,1818.0,6602.766666666668
2007-04-13,9.1837,2.527333333333333,240.05048611111113,1.6433333333333333,0.0,558.0,1988.0,6637.700000000001
2007-04-14,9.2378,2.5935,240.31314583333332,1.6513888888888888,0.0,578.0,2008.0,6651.799999999999
2007-04-15,12.102733333333333,2.8590666666666666,240.23668750000002,2.1865277777777776,0.0,1026.0,2893.0,8183.733333333334
2007-04-16,15.873166666666666,3.1012333333333335,240.6571388888889,2.8724999999999996,952.0,1305.0,4656.0,8960.166666666666
2007-04-17,20.395566666666664,3.6392333333333338,240.19566666666668,3.6908333333333334,1532.0,389.0,6199.0,12275.566666666662
2007-04-18,16.637433333333334,2.7537333333333334,240.14677777777777,2.9954166666666664,1579.0,355.0,3430.0,11273.433333333334
2007-04-19,17.144299999999998,2.494333333333333,240.42984027777777,3.055833333333333,733.0,1605.0,5748.0,9058.3
2007-04-20,13.709666666666667,2.4274333333333336,240.13289583333332,2.494861111111111,1069.0,360.0,3499.0,8781.666666666668
2007-04-21,27.894266666666667,3.5443,239.21323611111112,5.035694444444444,6575.0,463.0,11129.0,9727.266666666666
2007-04-22,37.228566666666666,4.453233333333333,239.60888194444442,6.688472222222222,4264.0,2287.0,11102.0,19575.566666666666
2007-04-23,17.5761,2.2606666666666664,237.23564583333334,3.264166666666666,1402.0,506.0,6005.0,9663.099999999999
2007-04-24,17.201666666666664,2.2544,235.3449236111111,3.1448611111111116,1125.0,527.0,6680.0,8869.666666666664
2007-04-25,21.069366666666667,2.7456,234.94111111111113,3.858055555555556,0.0,1469.0,8812.0,10788.366666666669
2007-04-26,21.257766666666665,2.726766666666667,234.7872986111111,3.92375,1324.0,1845.0,7163.0,10925.766666666666
2007-04-27,18.23886666666667,2.6988,235.21616666666668,3.3125,1772.0,545.0,4756.0,11165.866666666669
2007-05-01,27.730966666666667,3.0268,234.6787013888889,5.073333333333333,4005.0,995.0,8546.0,14184.966666666667
2007-05-02,16.724766666666667,2.6682,235.58207638888888,3.1415277777777777,7.0,1490.0,3754.0,11473.766666666666
2007-05-03,18.170633333333335,2.5157000000000003,235.1348888888889,3.307638888888889,1906.0,1725.0,7836.0,6703.633333333335
2007-05-04,16.635466666666666,2.9123333333333337,235.71019444444443,3.0780555555555553,2259.0,538.0,3990.0,9848.466666666667
2007-05-05,26.050866666666664,2.9017,235.03502083333333,4.736111111111111,2913.0,2493.0,11303.0,9341.866666666665
2007-05-06,35.035066666666665,3.0389333333333335,234.4096527777778,6.409027777777778,3215.0,949.0,10095.0,20776.066666666666
2007-05-07,27.3944,2.8153,234.5369722222222,4.980972222222222,946.0,4935.0,9433.0,12080.400000000001
2007-05-08,29.82153333333333,3.0268666666666664,234.9062361111111,5.356388888888889,4581.0,2011.0,8777.0,14452.533333333333
2007-05-09,27.76226666666667,3.058066666666667,234.8737222222222,5.056111111111111,3018.0,5631.0,9474.0,9639.26666666667
2007-05-10,11.798066666666667,2.8052333333333332,235.79625694444442,2.2068055555555555,946.0,534.0,3261.0,7057.0666666666675
2007-05-11,16.319233333333333,2.2016,235.22975694444443,3.027638888888889,926.0,491.0,6471.0,8431.233333333334
2007-05-12,24.0261,3.4861999999999997,234.72290277777776,4.360555555555555,2247.0,1075.0,10408.0,10296.099999999999
2007-05-13,27.245633333333334,3.677833333333333,235.7087083333333,4.969166666666667,3612.0,2414.0,8958.0,12261.633333333335
2007-05-14,24.463033333333332,4.975866666666667,235.69006944444445,4.574166666666667,3176.0,2417.0,5517.0,13353.033333333333
2007-05-15,15.073200000000002,1.8530333333333333,235.61199305555556,2.7333333333333334,0.0,408.0,5318.0,9347.200000000003
2007-05-16,28.215733333333333,2.2649,235.26081250000001,5.071805555555556,2213.0,5756.0,9077.0,11169.733333333334
2007-05-17,20.530266666666666,2.1864666666666666,235.86845833333334,3.720972222222222,1014.0,2073.0,7687.0,9756.266666666666
2007-05-18,27.192166666666665,2.8543000000000003,235.9945972222222,4.876666666666666,3270.0,3913.0,8116.0,11893.166666666664
2007-05-19,23.824033333333333,2.797633333333333,234.94472222222223,4.319305555555555,4683.0,530.0,7022.0,11589.033333333333
2007-05-20,32.80546666666667,3.1255333333333337,235.34811805555555,5.941527777777777,5420.0,1733.0,7611.0,18041.466666666667
2007-05-21,18.6677,1.9546666666666668,234.6919097222222,3.338611111111111,0.0,468.0,9060.0,9139.7
2007-05-22,18.88086666666667,2.1486,235.48057638888892,3.3998611111111114,931.0,3966.0,3984.0,9999.866666666669
2007-05-23,24.415599999999998,2.7646333333333333,234.81249305555554,4.3975,956.0,3792.0,8119.0,11548.599999999999
2007-05-24,19.2398,2.259333333333333,235.5460625,3.462083333333333,955.0,4116.0,4746.0,9422.8
2007-05-25,26.903666666666666,2.9097999999999997,234.44720138888886,4.863472222222222,8060.0,586.0,6539.0,11718.666666666668
2007-05-26,25.204133333333335,2.9040000000000004,235.0698888888889,4.562777777777778,2373.0,2754.0,8628.0,11449.133333333335
2007-05-27,35.8968,3.6649000000000003,234.90843750000002,6.5065277777777775,4366.0,5534.0,10444.0,15552.799999999996
2007-05-28,27.291133333333335,2.518333333333333,234.90657638888888,4.921944444444445,4554.0,473.0,9586.0,12678.133333333335
2007-05-29,17.689,1.8874,235.6943472222222,3.2072222222222218,0.0,1907.0,4332.0,11450.0
2007-05-30,26.8311,2.4509666666666665,234.83139583333335,4.8284722222222225,2250.0,5948.0,7804.0,10829.099999999999
2007-05-31,15.6425,2.159766666666667,235.09652777777777,2.7918055555555554,935.0,477.0,3552.0,10678.5
2007-06-01,17.4153,2.3863666666666665,235.32332175121613,3.1356497567755386,0.0,483.0,7664.0,9268.3
2007-06-02,24.73936666666667,2.768466666666667,234.4690277777778,4.474027777777778,3971.0,1250.0,7633.0,11885.366666666669
2007-06-03,35.133766666666666,3.040966666666667,234.762375,6.352916666666667,4985.0,7529.0,8334.0,14285.766666666663
2007-06-04,15.193633333333334,3.719866666666667,234.7480694444444,2.8222222222222224,1585.0,836.0,4533.0,8239.633333333335
2007-06-05,24.314866666666667,4.261533333333333,234.6927638888889,4.465138888888889,4484.0,1027.0,6448.0,12355.866666666669
2007-06-06,28.2273,3.851,234.62163307852677,5.108825573314802,3329.0,829.0,11663.0,12406.3
2007-06-07,16.4167,2.8722333333333334,234.47880555555554,2.9823611111111115,985.0,699.0,3959.0,10773.699999999997
2007-06-08,35.80076666666666,3.828866666666667,236.19744444444444,6.448194444444444,2799.0,11440.0,11380.0,10181.766666666663
2007-06-09,17.663566666666668,3.7776,240.70545649072753,3.2562054208273894,852.0,596.0,6590.0,9625.56666666667
2007-06-10,22.346866666666664,3.984866666666667,240.84428472222223,4.005694444444444,4202.0,1924.0,5983.0,10237.866666666665
2007-06-11,13.244233333333334,3.2439000000000004,240.85674999999998,2.4179166666666667,0.0,487.0,5328.0,7429.233333333334
2007-06-12,15.312766666666667,3.606933333333333,240.2248958333333,2.8586111111111108,1882.0,475.0,3898.0,9057.766666666666
2007-06-13,15.454533333333334,3.4709999999999996,240.39760416666667,2.8175,957.0,857.0,5216.0,8424.533333333335
2007-06-14,20.984733333333335,3.8616,239.84778472222223,3.783333333333333,3322.0,2147.0,7054.0,8461.733333333334
2007-06-15,16.4934,4.196033333333333,240.46438194444445,3.0662499999999997,2269.0,4011.0,4547.0,5666.4000000000015
2007-06-16,33.62936666666666,5.125966666666667,239.50169444444444,5.975,3289.0,4498.0,11108.0,14734.366666666661
2007-06-17,32.451499999999996,3.9968999999999997,240.21918055555554,5.7693055555555555,4124.0,5038.0,8734.0,14555.499999999996
2007-06-18,11.3079,3.0135,240.77620138888886,2.07875,0.0,529.0,4241.0,6537.9
2007-06-19,14.039333333333333,3.1330999999999998,240.26925591098748,2.560778859527121,973.0,535.0,4357.0,8174.333333333334
2007-06-20,17.904766666666667,3.7883666666666667,240.15616666666668,3.3068055555555556,1761.0,2588.0,5106.0,8449.766666666666
2007-06-21,13.4491,3.7091,240.57494444444444,2.500833333333333,932.0,2400.0,3711.0,6406.1
2007-06-22,9.438233333333333,3.4754333333333336,240.83563194444443,1.807361111111111,0.0,951.0,3482.0,5005.233333333334
2007-06-23,7.959433333333334,3.2186666666666666,240.31896527777778,1.5356944444444445,0.0,786.0,2402.0,4771.433333333334
2007-06-24,11.910933333333332,2.9893666666666667,241.1322152777778,2.207638888888889,0.0,791.0,3449.0,7670.9333333333325
2007-06-25,17.870033333333332,3.2878333333333334,240.4222638888889,3.25,1985.0,3621.0,4816.0,7448.033333333333
2007-06-26,15.748466666666667,3.0403333333333333,240.09450694444448,2.877083333333333,971.0,1334.0,5231.0,8212.466666666667
2007-06-27,24.680433333333333,3.4499666666666666,239.7584097222222,4.429166666666666,2603.0,6451.0,7270.0,8356.433333333334
2007-06-28,21.590633333333336,3.6241,239.4236666666667,3.8895833333333334,0.0,4368.0,9541.0,7681.633333333335
2007-06-29,21.736633333333334,3.4365666666666663,240.18230020847813,3.9424600416956217,4363.0,667.0,6797.0,9909.633333333335
2007-06-30,22.255233333333333,3.1392333333333338,240.01161111111108,3.9715277777777778,3049.0,792.0,8376.0,10038.233333333334
2007-07-01,17.111066666666666,2.8741333333333334,240.06715277777778,3.080694444444444,969.0,736.0,4690.0,10716.066666666666
2007-07-02,16.1172,2.9487333333333337,240.6718125,2.9277777777777776,1018.0,5281.0,3445.0,6373.200000000001
2007-07-03,17.665200000000002,3.0056333333333334,240.1869375,3.2306944444444445,467.0,3214.0,4695.0,9289.2
2007-07-04,16.723499999999998,4.2222333333333335,240.65963194444444,3.0954166666666665,2329.0,2218.0,5632.0,6544.499999999996
2007-07-05,17.6215,4.111933333333334,240.44444444444446,3.2331944444444445,2922.0,770.0,3973.0,9956.5
2007-07-06,17.825400000000002,3.6558333333333333,240.5994513888889,3.2686111111111114,2826.0,3563.0,4005.0,7431.4000000000015
2007-07-07,22.636766666666666,3.5674,239.91013888888887,4.034861111111111,997.0,3047.0,10177.0,8415.766666666666
2007-07-08,18.151333333333334,3.2819999999999996,240.33889583333334,3.289305555555556,1825.0,2831.0,5277.0,8218.333333333332
2007-07-09,19.6693,2.8737,240.6176458333333,3.51625,923.0,594.0,9386.0,8766.3
2007-07-10,15.138733333333333,2.9374,239.98305555555555,2.786111111111111,67.0,2227.0,4631.0,8213.733333333334
2007-07-11,12.0392,2.5642666666666667,241.0300347222222,2.1994444444444445,1015.0,647.0,5284.0,5093.199999999999
2007-07-12,17.82636666666667,3.4849666666666668,240.76461805555556,3.2336111111111108,1029.0,2550.0,6419.0,7828.366666666669
2007-07-13,13.2397,3.4448999999999996,240.85480555555554,2.450833333333333,0.0,633.0,4427.0,8179.699999999999
2007-07-14,21.4695,4.3075,241.29188194444444,3.8940277777777776,3775.0,1968.0,6604.0,9122.5
2007-07-15,15.283733333333334,3.8863666666666665,240.5965496183206,3.0916030534351147,862.0,632.0,5585.0,8204.733333333334
2007-07-16,14.2279,3.8993333333333333,236.5072361111111,2.6605555555555553,830.0,695.0,4176.0,8526.9
2007-07-17,11.993866666666666,2.9348,234.74125694444442,2.27625,848.0,694.0,3335.0,7116.866666666665
2007-07-18,12.618033333333333,2.608566666666667,231.08822916666665,2.3868055555555556,909.0,671.0,4628.0,6410.033333333333
2007-07-19,11.2981,3.1168666666666667,234.26186111111113,2.1438888888888887,1068.0,703.0,3130.0,6397.1
2007-07-20,18.507033333333332,3.7186333333333335,235.56890277777777,3.451666666666666,2111.0,2418.0,4765.0,9213.033333333333
2007-07-21,17.6708,3.9359666666666664,234.25662499999999,3.291527777777778,428.0,512.0,7756.0,8974.8
2007-07-22,22.92956666666667,3.6374333333333335,235.96373175816538,4.226546212647672,7091.0,2136.0,5563.0,8139.566666666669
2007-07-23,16.51696666666667,2.396166666666667,234.50086805555554,3.075972222222222,1747.0,1288.0,3847.0,9634.966666666667
2007-07-24,13.754733333333332,1.8801666666666668,235.36304166666667,2.550972222222222,0.0,1607.0,5599.0,6548.733333333332
2007-07-25,7.876,1.8038999999999998,235.6410486111111,1.4793055555555554,0.0,151.0,2333.0,5392.0
2007-07-26,15.408333333333333,1.9182,234.94372222222225,2.8381944444444445,975.0,3633.0,4346.0,6454.333333333334
2007-07-27,20.0419,2.0076,235.55368055555556,3.6233333333333335,1837.0,49.0,7157.0,10998.899999999998
2007-07-28,27.031033333333333,2.978833333333333,235.5072361111111,4.941666666666666,907.0,10265.0,6559.0,9300.033333333333
2007-07-29,5.351933333333333,1.9762666666666666,235.71203472222223,1.0334722222222223,0.0,0.0,1288.0,4063.9333333333334
2007-07-30,7.780266666666666,2.1582,235.5302291666667,1.4672222222222224,0.0,0.0,2528.0,5252.266666666666
2007-07-31,13.538866666666667,2.4297666666666666,234.9148125,2.5025,3277.0,0.0,3575.0,6686.866666666667
2007-08-01,17.6723,2.3759333333333337,235.00917547568713,3.253417899929528,1583.0,0.0,9812.0,6277.299999999999
2007-08-02,16.990266666666667,2.4159,234.85659027777777,3.087083333333333,482.0,0.0,6869.0,9639.266666666666
2007-08-03,17.722733333333334,2.0898,234.4856041666667,3.2072222222222218,958.0,0.0,9139.0,7625.733333333334
2007-08-04,19.083166666666667,2.3204333333333333,235.25722222222223,3.4523611111111108,552.0,398.0,7966.0,10167.166666666668
2007-08-05,13.1183,2.5208999999999997,235.11527083333334,2.4368055555555554,169.0,0.0,6647.0,6302.299999999999
2007-08-06,18.162,2.5739,234.70274305555557,3.3170833333333336,1096.0,0.0,7985.0,9081.0
2007-08-07,24.726333333333333,2.1863666666666663,234.55388194444447,4.425972222222222,437.0,2168.0,9042.0,13079.333333333332
2007-08-08,18.758033333333334,1.9849333333333334,234.512375,3.3805555555555555,1055.0,1111.0,9660.0,6932.033333333333
2007-08-09,17.861333333333334,1.8245666666666667,234.21438888888886,3.272361111111111,182.0,4515.0,6646.0,6518.333333333336
2007-08-10,17.1335,1.9609333333333334,234.48881250000002,3.1297222222222225,336.0,2651.0,8287.0,5859.5
2007-08-11,18.194166666666668,1.9295,234.98018055555556,3.2856944444444443,1180.0,910.0,10339.0,5765.166666666668
2007-08-12,20.6984,2.1296,235.6648541666667,3.742777777777778,1123.0,1156.0,8582.0,9837.399999999998
2007-08-13,19.216866666666665,2.1823333333333332,235.21656944444445,3.44875,93.0,476.0,11101.0,7546.866666666665
2007-08-14,15.686499999999999,2.2001666666666666,237.07638888888889,2.8541666666666665,951.0,685.0,6256.0,7794.499999999998
2007-08-15,19.86433333333333,2.6627333333333336,239.99340972222222,3.5420833333333337,338.0,508.0,9787.0,9231.333333333332
2007-08-16,15.974933333333333,2.1922,239.73765972222222,2.843888888888889,962.0,0.0,7476.0,7536.9333333333325
2007-08-17,16.831533333333333,2.1231333333333335,240.4940486111111,2.9815277777777776,244.0,0.0,7769.0,8818.533333333333
2007-08-18,5.799333333333333,1.9873333333333332,241.27963194444445,1.0788888888888888,0.0,0.0,1830.0,3969.333333333333
2007-08-19,23.704900000000002,2.6669666666666667,239.9536666666667,4.2619444444444445,1025.0,8912.0,5989.0,7778.9000000000015
2007-08-20,22.314033333333334,2.598,241.30069444444445,3.9633333333333334,1032.0,6965.0,7383.0,6934.033333333333
2007-08-21,10.709266666666668,2.6218,240.57305555555556,1.961111111111111,0.0,38.0,3296.0,7375.266666666668
2007-08-22,20.163466666666668,2.571466666666667,240.81731944444445,3.57125,3048.0,1836.0,7241.0,8038.466666666667
2007-08-23,18.53853333333333,2.632566666666667,240.64730555555556,3.330277777777778,2502.0,259.0,5342.0,10435.53333333333
2007-08-24,27.603566666666666,4.3782000000000005,240.49464211257816,4.938568450312718,1891.0,3782.0,9944.0,11986.566666666666
2007-08-25,19.181333333333335,4.542466666666667,239.8598263888889,3.55375,4149.0,2191.0,5678.0,7163.333333333336
2007-08-26,21.9151,4.9898,239.95091666666667,4.012638888888889,1541.0,3645.0,5658.0,11071.099999999999
2007-08-27,20.1955,4.984733333333334,239.92358333333334,3.6912499999999997,2305.0,1229.0,6344.0,10317.5
2007-08-28,16.616733333333332,3.0185666666666666,239.54987500000001,2.996111111111111,1038.0,2468.0,5483.0,7627.733333333334
2007-08-29,12.466533333333333,2.9237666666666664,240.74499305555554,2.279583333333333,957.0,562.0,4932.0,6015.533333333333
2007-08-30,20.04096666666667,3.1841333333333335,240.57317361111112,3.6043055555555554,3822.0,2580.0,4221.0,9417.96666666667
2007-08-31,21.330366666666666,3.1209333333333333,239.98570138888888,3.788472222222222,1200.0,666.0,8738.0,10726.366666666665
2007-09-01,28.3581,4.830766666666666,239.35574305555556,5.065416666666667,2497.0,569.0,9733.0,15559.099999999999
2007-09-02,27.707800000000002,3.8599666666666668,240.04533333333336,5.017222222222222,3613.0,1617.0,8806.0,13671.800000000003
2007-09-03,17.315366666666666,3.1403666666666665,239.62034722222222,3.1306944444444444,621.0,2515.0,5323.0,8856.366666666665
2007-09-04,26.415733333333332,2.9937666666666667,239.65966666666665,4.755972222222223,2928.0,3501.0,9821.0,10165.733333333334
2007-09-05,20.60953333333333,2.4810666666666665,239.1481597222222,3.697638888888889,0.0,4144.0,6705.0,9760.533333333333
2007-09-06,15.024566666666667,2.8671,239.3400486111111,2.752222222222222,0.0,3888.0,3461.0,7675.5666666666675
2007-09-07,22.274933333333333,3.028966666666667,239.0317013888889,4.007222222222222,3632.0,551.0,9388.0,8703.933333333334
2007-09-08,24.495866666666664,3.1055,239.73044444444446,4.391944444444444,3339.0,1801.0,9164.0,10191.866666666665
2007-09-09,27.991699999999998,3.4858666666666664,238.92214583333333,5.054027777777778,2184.0,4438.0,9233.0,12136.699999999997
2007-09-10,18.622933333333332,2.9583,239.3886597222222,3.36375,935.0,595.0,5613.0,11479.93333333333
2007-09-11,16.392866666666666,2.5294000000000003,240.07199305555554,2.9520833333333334,943.0,550.0,5792.0,9107.866666666665
2007-09-12,21.462733333333333,2.8632333333333335,240.01505555555556,3.86,0.0,3217.0,7755.0,10490.733333333334
2007-09-13,19.106366666666666,2.7659666666666665,239.3098333333333,3.4644444444444447,1175.0,2523.0,3853.0,11555.366666666665
2007-09-14,18.924500000000002,3.0521000000000003,239.30189583333333,3.444722222222222,901.0,676.0,5804.0,11543.500000000004
2007-09-15,18.2552,3.0744333333333334,240.00197222222224,3.278194444444445,0.0,1449.0,6464.0,10342.199999999997
2007-09-16,27.537066666666664,3.2058666666666666,239.56046527777778,4.96625,3118.0,3064.0,9310.0,12045.066666666666
2007-09-17,24.353099999999998,3.3718999999999997,239.21479861111112,4.413472222222222,6651.0,926.0,6279.0,10497.099999999999
2007-09-18,19.458666666666666,2.4522,238.26067361111112,3.5127777777777776,1888.0,2029.0,5425.0,10116.666666666664
2007-09-19,21.64473333333333,2.5299,240.30520833333333,3.8833333333333333,0.0,2743.0,7937.0,10964.73333333333
2007-09-20,20.92553333333333,2.215133333333333,239.71498611111113,3.720972222222222,1056.0,489.0,9996.0,9384.53333333333
2007-09-21,20.646333333333335,2.5472333333333332,239.38146527777778,3.732638888888889,3130.0,2745.0,6316.0,8455.333333333336
2007-09-22,19.602866666666667,3.0572,239.48303472222221,3.515138888888889,944.0,1311.0,7688.0,9659.866666666669
2007-09-23,23.632833333333334,4.049566666666666,239.50043055555554,4.28,2831.0,1929.0,7382.0,11490.833333333336
2007-09-24,22.575499999999998,3.2937333333333334,238.60060416666667,4.078749999999999,929.0,3935.0,7955.0,9756.499999999996
2007-09-25,29.405700000000003,2.1679666666666666,238.0996111111111,5.206388888888889,916.0,2253.0,9820.0,16416.700000000004
2007-09-26,30.371066666666664,2.8104666666666662,239.42456884561892,5.3770514603616135,1058.0,9415.0,5661.0,14237.066666666666
2007-09-27,23.209999999999997,2.5118333333333336,239.56705555555556,4.0777777777777775,1066.0,643.0,7324.0,14176.999999999996
2007-09-28,28.008300000000002,3.7119666666666666,239.46243055555558,4.994166666666667,996.0,3722.0,9952.0,13338.300000000003
2007-09-29,38.27536666666666,3.035366666666667,239.1401111111111,6.7931944444444445,4085.0,7457.0,8190.0,18543.36666666666
2007-09-30,25.2715,2.7264666666666666,240.0647847222222,4.452500000000001,1405.0,582.0,10225.0,13059.5
2007-10-01,28.682033333333333,2.4455666666666667,239.23991666666666,5.0737499999999995,1507.0,6622.0,5960.0,14593.033333333333
2007-10-02,36.647733333333335,2.6971333333333334,238.49379166666665,6.474027777777778,508.0,8022.0,12815.0,15302.733333333337
2007-10-03,21.340899999999998,2.6289666666666665,239.26106944444444,3.8,979.0,5024.0,3692.0,11645.899999999998
2007-10-04,25.307633333333335,2.307466666666667,239.2050763888889,4.454583333333334,2400.0,444.0,9710.0,12753.633333333335
2007-10-05,23.23486666666667,2.5105999999999997,238.8271111111111,4.089722222222222,0.0,351.0,9425.0,13458.866666666669
2007-10-06,29.270666666666667,3.1032,238.38071527777777,5.167638888888889,4840.0,347.0,9666.0,14417.666666666668
2007-10-07,35.1019,2.552966666666667,238.8262777777778,6.207916666666667,2498.0,8255.0,10886.0,13462.900000000001
2007-10-08,18.254033333333332,2.0316,239.09654861111113,3.2311111111111113,0.0,420.0,5082.0,12752.033333333333
2007-10-09,28.130966666666666,2.6633666666666667,238.87914583333333,4.9823611111111115,2034.0,2147.0,9290.0,14659.966666666667
2007-10-10,19.44953333333333,2.2125333333333335,239.4211597222222,3.4886111111111116,1863.0,2117.0,3345.0,12124.533333333333
2007-10-11,28.8741,2.5518,238.4441527777778,5.1090277777777775,2630.0,414.0,7806.0,18024.1
2007-10-12,31.908399999999997,2.2997333333333336,238.48131250000003,5.667083333333333,1020.0,5028.0,11659.0,14201.399999999998
2007-10-13,32.11213333333333,2.086733333333333,238.76540972222222,5.700694444444444,969.0,3799.0,8463.0,18881.13333333333
2007-10-14,34.3542,2.5008333333333335,239.1010347222222,6.078749999999999,2930.0,7494.0,7126.0,16804.199999999997
2007-10-15,21.1055,1.9697,239.29270833333334,3.7219444444444445,1061.0,339.0,7654.0,12051.5
2007-10-16,32.7407,3.090233333333333,238.86261805555554,5.823194444444444,0.0,7871.0,9876.0,14993.699999999997
2007-10-17,26.28216666666667,2.2733333333333334,239.19213194444444,4.6369444444444445,1065.0,453.0,8968.0,15796.166666666668
2007-10-18,25.308833333333332,2.0416666666666665,239.80028472222222,4.43375,1162.0,317.0,9864.0,13965.833333333332
2007-10-19,34.7608,2.024633333333333,239.65217361111112,6.103194444444445,1299.0,3124.0,11648.0,18689.800000000003
2007-10-20,27.67076666666667,2.3257333333333334,241.82481944444444,4.814722222222222,2363.0,296.0,13225.0,11786.76666666667
2007-10-21,32.36566666666667,2.567133333333333,241.49074305555555,5.701666666666666,3712.0,4357.0,7313.0,16983.666666666668
2007-10-22,27.548266666666667,1.9401666666666666,240.54540277777778,4.805833333333333,0.0,299.0,13027.0,14222.266666666666
2007-10-23,32.577466666666666,2.1247333333333334,241.2318567454798,5.712100139082058,1067.0,5186.0,10680.0,15644.466666666667
2007-10-24,31.093933333333332,2.446366666666667,240.80827083333332,5.473194444444444,4459.0,364.0,9115.0,17155.93333333333
2007-10-25,30.898633333333333,2.203333333333333,240.47263194444446,5.413611111111111,1478.0,2433.0,7385.0,19602.63333333333
2007-10-26,23.959466666666668,1.8279333333333334,240.68085416666665,4.365833333333334,0.0,348.0,5766.0,17845.466666666667
2007-10-27,29.761466666666667,1.8197666666666668,240.20120833333334,5.309166666666666,1374.0,4856.0,8949.0,14582.466666666667
2007-10-28,8.535966666666667,1.5383,240.86605555555556,1.485277777777778,0.0,283.0,1765.0,6487.966666666667
2007-10-29,9.090466666666666,1.4499666666666668,241.19330555555555,1.5744444444444443,0.0,269.0,2749.0,6072.466666666665
2007-10-30,13.5168,1.4973333333333334,240.62592361111112,2.3513888888888888,0.0,1935.0,4256.0,7325.799999999999
2007-10-31,21.386833333333335,1.7866666666666666,240.33897916666666,3.7423611111111112,0.0,4700.0,8915.0,7771.833333333336
2007-11-01,8.270266666666666,1.4174333333333335,240.93840277777778,1.4359722222222224,0.0,293.0,1991.0,5986.266666666666
2007-11-02,24.060033333333333,1.5560333333333332,239.3489861111111,4.202638888888889,1346.0,2115.0,12245.0,8354.033333333333
2007-11-03,8.209166666666667,1.4687333333333332,240.19050694444445,1.4343055555555557,0.0,282.0,1936.0,5991.166666666666
2007-11-04,24.761433333333333,2.3133666666666666,240.20552083333334,4.384027777777778,0.0,4387.0,7068.0,13306.433333333334
2007-11-05,25.009866666666667,2.1891666666666665,239.65911111111112,4.39625,1265.0,397.0,6583.0,16764.86666666667
2007-11-06,34.706300000000006,3.3421000000000003,238.70195833333335,6.149861111111111,1105.0,5515.0,10690.0,17396.300000000003
2007-11-07,30.745966666666668,3.2253333333333334,239.5649097222222,5.481111111111111,5042.0,301.0,6374.0,19028.966666666667
2007-11-08,25.017666666666667,2.244966666666667,240.75264583333333,4.435,1715.0,314.0,6500.0,16488.666666666668
2007-11-09,36.1871,1.8873666666666666,238.71543749999998,6.367222222222222,0.0,4573.0,15375.0,16239.099999999999
2007-11-10,43.526666666666664,3.9608666666666665,239.11040972222222,7.706944444444445,3697.0,304.0,13767.0,25758.666666666664
2007-11-11,31.452066666666667,3.0935,240.26026388888891,5.540555555555556,3445.0,320.0,6024.0,21663.066666666666
2007-11-12,35.93576666666667,2.2911333333333332,239.82559027777776,6.271944444444444,1018.0,4165.0,13281.0,17471.76666666667
2007-11-13,36.90663333333334,2.3492,241.12297916666668,6.4534722222222225,978.0,4933.0,11076.0,19919.63333333334
2007-11-14,34.13323333333333,2.3598333333333334,239.9460277777778,5.9406944444444445,1055.0,295.0,16345.0,16438.23333333333
2007-11-15,24.866466666666668,2.217766666666667,239.98499305555558,4.396388888888889,1606.0,571.0,7503.0,15186.466666666667
2007-11-16,38.4959,2.0663,240.9835138888889,6.718055555555556,1991.0,4660.0,13564.0,18280.9
2007-11-17,43.50156666666667,2.8005,240.6034236111111,7.598888888888888,2588.0,2199.0,14990.0,23724.566666666666
2007-11-18,36.39763333333334,2.6960333333333333,242.26045833333333,6.3476388888888895,5201.0,2097.0,7066.0,22033.63333333334
2007-11-19,28.727566666666668,1.8671666666666666,242.76635416666664,5.00625,1089.0,253.0,10750.0,16635.56666666667
2007-11-20,34.930933333333336,2.0805333333333333,241.33882638888886,6.090416666666667,1015.0,3954.0,11026.0,18935.933333333334
2007-11-21,29.197266666666668,2.191333333333333,241.4967616400278,5.114940931202224,1139.0,549.0,9455.0,18054.266666666666
2007-11-22,32.2063,2.3851333333333335,241.5650486111111,5.65625,2867.0,297.0,9001.0,20041.3
2007-11-23,42.04363333333333,2.3152,240.72236805555556,7.340694444444445,2168.0,6181.0,13685.0,20009.63333333333
2007-11-24,31.6509,2.5085333333333333,241.80274305555557,5.512638888888889,1573.0,4131.0,13451.0,12495.900000000001
2007-11-25,23.259966666666667,2.0462666666666665,242.66115972222224,4.086666666666667,3556.0,279.0,5678.0,13746.966666666667
2007-11-26,26.16193333333333,1.9508333333333332,241.11649305555557,4.601388888888889,1088.0,288.0,8926.0,15859.93333333333
2007-11-27,46.68353333333334,2.3332333333333333,241.32109722222222,8.15625,1063.0,11020.0,15111.0,19489.53333333334
2007-11-28,27.415666666666667,1.9240333333333335,242.89480555555556,4.775555555555556,1182.0,769.0,7810.0,17654.666666666668
2007-11-29,28.653833333333335,1.9785,242.73104239054896,5.018485059068798,2031.0,283.0,8818.0,17521.833333333336
2007-11-30,38.86213333333333,2.4546666666666668,243.48774999999998,6.757222222222222,0.0,7941.0,13601.0,17320.13333333333
2007-12-01,52.24903333333334,4.814866666666666,240.2660833333333,9.191527777777777,9356.0,353.0,17847.0,24693.03333333334
2007-12-02,49.10313333333333,5.418033333333333,240.73000694444445,8.618611111111111,2090.0,6915.0,10636.0,29462.13333333333
2007-12-03,29.367666666666665,2.1985666666666663,241.07959027777775,5.165555555555556,1141.0,299.0,10428.0,17499.666666666664
2007-12-04,34.4606,2.416933333333333,241.53597916666666,6.045138888888889,1012.0,5828.0,8561.0,19059.6
2007-12-05,35.88533333333333,2.9733,241.22788194444445,6.348194444444444,3422.0,295.0,10919.0,21249.33333333333
2007-12-06,41.46556666666667,2.6989333333333336,239.7100972222222,7.337916666666667,4751.0,318.0,11908.0,24488.566666666666
2007-12-07,29.483600000000003,2.4606666666666666,240.6710486111111,5.157916666666666,459.0,3710.0,10263.0,15051.600000000002
2007-12-08,36.89006666666667,2.5723333333333334,239.55993055555555,6.508055555555556,1133.0,2354.0,12283.0,21120.066666666673
2007-12-09,37.90973333333333,3.3489333333333335,239.9150763888889,6.701527777777779,4176.0,2428.0,8728.0,22577.73333333333
2007-12-10,29.312566666666665,2.0835333333333335,241.90383333333335,5.174583333333333,1102.0,278.0,8281.0,19651.566666666666
2007-12-11,38.4184,2.2283,241.4602361111111,6.7122222222222225,1050.0,3817.0,12740.0,20811.4
2007-12-12,26.467699999999997,1.9481,242.47632638888888,4.591111111111111,1152.0,254.0,7759.0,17302.699999999997
2007-12-13,30.79576666666667,1.8581666666666665,241.82734027777778,5.419583333333334,1103.0,1448.0,8911.0,19333.76666666667
2007-12-14,32.913466666666665,2.9925,241.9859236111111,5.757777777777778,980.0,3849.0,12941.0,15143.466666666667
2007-12-15,45.6146,2.6271,241.28064583333332,7.98,1706.0,3687.0,14313.0,25908.600000000006
2007-12-16,46.036966666666665,2.1156333333333333,242.6849861111111,7.992222222222222,3410.0,2281.0,12929.0,27416.966666666667
2007-12-17,29.9511,1.7516333333333334,242.62575399583045,5.189437109103545,1636.0,243.0,10567.0,17505.1
2007-12-18,43.7199,2.4013333333333335,242.93998611111112,7.602083333333334,1123.0,5810.0,11093.0,25693.9
2007-12-19,36.60086666666667,1.8222666666666667,242.70109722222224,6.334444444444444,1233.0,2658.0,11679.0,21030.86666666667
2007-12-20,32.49596666666667,1.9905666666666666,243.16793750000002,5.613333333333333,1859.0,276.0,13592.0,16768.966666666667
2007-12-21,33.04293333333333,1.7745,242.88163194444445,5.713749999999999,1191.0,200.0,12251.0,19400.933333333327
2007-12-22,43.52106666666667,2.355233333333333,242.14553472222224,7.593472222222222,3819.0,4550.0,12673.0,22479.066666666673
2007-12-23,40.1508,2.9378666666666664,242.5579375,6.982777777777779,1971.0,3091.0,11962.0,23126.799999999996
2007-12-24,37.6308,2.4959,242.6504236111111,6.549722222222223,2985.0,2316.0,14350.0,17979.800000000003
2007-12-25,44.91613333333333,2.5302000000000002,242.98086805555556,7.790972222222222,4588.0,3368.0,9084.0,27876.133333333324
2007-12-26,43.00466666666667,2.3385666666666665,242.39239583333332,7.426111111111111,1109.0,2773.0,9480.0,29642.66666666667
2007-12-27,42.2033,3.1763666666666666,242.1116111111111,7.395833333333333,4122.0,1490.0,7960.0,28631.299999999996
2007-12-28,51.8842,3.4466666666666668,242.28447916666667,9.030555555555555,1980.0,8554.0,15823.0,25527.199999999997
2007-12-29,54.982600000000005,3.3315333333333332,240.55066666666667,9.56,4836.0,2434.0,14906.0,32806.600000000006
2007-12-30,42.6486,2.9739333333333335,242.0991736111111,7.465694444444445,3595.0,3597.0,13485.0,21971.6
2007-12-31,36.942366666666665,2.4256,241.09479166666668,6.455,0.0,3457.0,14071.0,19414.36666666666
2008-01-01,45.99563333333333,2.3751333333333333,241.0366736111111,7.978611111111111,2461.0,2739.0,12355.0,28440.63333333333
2008-01-02,27.401766666666667,1.8611,242.41745138888888,4.770416666666667,0.0,3094.0,8987.0,15320.766666666666
2008-01-03,25.168466666666667,2.0197,243.0774583333333,4.401666666666666,1130.0,846.0,6671.0,16521.466666666667
2008-01-04,38.19753333333333,2.278433333333333,241.27338194444442,6.715138888888888,1241.0,5326.0,11752.0,19878.533333333333
2008-01-05,36.38746666666667,2.1577333333333333,238.82294444444443,6.446805555555556,2113.0,286.0,14591.0,19397.466666666667
2008-01-06,30.419733333333333,1.9493,239.40729166666668,5.390138888888889,1966.0,2445.0,7824.0,18184.733333333334
2008-01-07,28.26356666666667,1.9362,240.74393750000002,4.915277777777778,1288.0,282.0,10294.0,16399.56666666667
2008-01-08,34.05916666666666,2.1242,240.82180555555558,5.99,2197.0,3511.0,9793.0,18558.166666666664
2008-01-09,29.807333333333336,2.0889333333333333,241.2586388888889,5.231944444444444,1162.0,284.0,8963.0,19398.333333333336
2008-01-10,31.567933333333333,2.0084,240.80713888888891,5.5945833333333335,1307.0,285.0,9992.0,19983.933333333334
2008-01-11,28.4303,1.5914,240.41004861111108,4.963472222222222,1261.0,290.0,7997.0,18882.3
2008-01-12,47.8568,2.7120666666666664,239.96018055555552,8.523888888888889,5594.0,2621.0,11116.0,28525.800000000003
2008-01-13,48.0276,2.4046333333333334,239.75119527449615,8.449339819318972,6505.0,340.0,9362.0,31820.6
2008-01-14,33.748866666666665,2.0018333333333334,240.29900694444444,6.014583333333333,5918.0,339.0,9738.0,17753.86666666666
2008-01-15,44.781866666666666,1.8857333333333335,240.7094861111111,7.891249999999999,782.0,6883.0,14512.0,22604.86666666667
2008-01-16,35.59753333333333,2.1488333333333336,240.42214583333333,6.319583333333334,1162.0,3430.0,9391.0,21614.533333333333
2008-01-17,26.2047,1.9453,241.62799305555555,4.6450000000000005,1007.0,350.0,8657.0,16190.7
2008-01-18,36.449799999999996,1.9881666666666669,239.93293055555554,6.432222222222222,1034.0,846.0,14983.0,19586.799999999996
2008-01-19,33.0051,2.2497,239.60592361111114,5.828888888888889,2521.0,6054.0,8015.0,16415.1
2008-01-20,29.00613333333333,2.3102333333333336,239.94454166666668,5.148888888888889,1775.0,380.0,4940.0,21911.13333333333
2008-01-21,30.9833,2.04,239.56475,5.519027777777778,0.0,376.0,10447.0,20160.3
2008-01-22,38.7503,2.391033333333333,240.09477777777778,6.92875,4670.0,7640.0,7552.0,18888.300000000003
2008-01-23,31.3718,1.7997333333333332,240.90704861111112,5.520277777777777,1116.0,387.0,13359.0,16509.8
2008-01-24,27.417033333333332,1.7384333333333333,240.77922916666668,4.887916666666667,1107.0,320.0,5935.0,20055.033333333333
2008-01-25,37.330933333333334,1.9937666666666667,240.70544444444445,6.544027777777777,0.0,2421.0,11409.0,23500.933333333334
2008-01-26,47.2498,2.8070333333333335,239.76020833333334,8.366666666666667,4925.0,311.0,15606.0,26407.800000000003
2008-01-27,39.6961,2.345966666666667,241.3036736111111,6.984861111111112,3725.0,3818.0,7367.0,24786.1
2008-01-28,38.46993333333333,1.7972666666666666,240.46677777777776,6.769583333333334,1142.0,280.0,12792.0,24255.933333333327
2008-01-29,44.6004,1.9529333333333334,240.62310416666668,7.8422222222222215,1487.0,6199.0,11077.0,25837.4
2008-01-30,27.3441,1.9411666666666667,241.61465277777776,4.826388888888889,0.0,261.0,7261.0,19822.100000000002
2008-01-31,32.56536666666667,2.292933333333333,241.88574999999997,5.793333333333333,1165.0,267.0,9437.0,21696.36666666667
2008-02-01,25.577533333333335,2.9875,240.36027083333332,4.5176388888888885,336.0,280.0,7241.0,17720.533333333336
2008-02-02,48.9339,3.8494666666666664,240.29051424600416,8.649478804725504,6247.0,2764.0,15188.0,24734.9
2008-02-03,34.7428,2.5618,240.34072222222224,6.135694444444444,2319.0,4435.0,8452.0,19536.800000000003
2008-02-04,27.13563333333333,1.7339,240.25520833333334,4.777222222222222,1161.0,252.0,9531.0,16191.633333333331
2008-02-05,41.2076,2.5464333333333333,240.97691666666668,7.2105555555555565,1098.0,7803.0,13717.0,18589.6
2008-02-06,27.825666666666667,1.9043333333333334,238.41371527777778,4.9336111111111105,2114.0,356.0,8428.0,16927.666666666668
2008-02-07,25.305166666666665,1.8117666666666667,241.07054861111112,4.439305555555555,0.0,295.0,8089.0,16921.166666666664
2008-02-08,32.5094,1.9848999999999999,240.43311805555555,5.747222222222222,940.0,1921.0,9563.0,20085.399999999998
2008-02-09,35.03793333333333,2.4088,241.76450694444446,6.09,2050.0,2838.0,10293.0,19856.933333333327
2008-02-10,36.411899999999996,2.5289333333333333,241.2752013888889,6.396805555555555,2562.0,2955.0,10128.0,20766.899999999994
2008-02-11,28.200266666666668,1.7041,241.69219444444445,4.931805555555556,1018.0,297.0,8930.0,17955.266666666666
2008-02-12,33.12996666666667,2.1824333333333334,239.50915277777779,5.847083333333333,2009.0,1856.0,12138.0,17126.966666666667
2008-02-13,31.674966666666666,2.1413,241.20309722222223,5.5801388888888885,2530.0,3615.0,7568.0,17961.966666666667
2008-02-14,26.7437,1.8941000000000001,240.76481944444447,4.68375,1300.0,291.0,9299.0,15853.7
2008-02-15,33.42013333333333,1.7992,241.89060416666663,5.78125,1109.0,1723.0,13417.0,17171.13333333333
2008-02-16,39.1158,2.3165666666666667,241.08755555555555,6.893888888888889,1076.0,2360.0,11599.0,24080.800000000003
2008-02-17,32.2228,2.001266666666667,242.46983333333333,5.654444444444445,3182.0,2257.0,6049.0,20734.8
2008-02-18,25.240066666666667,1.6995333333333333,242.06393055555554,4.37625,0.0,251.0,10345.0,14644.066666666666
2008-02-19,35.448600000000006,2.2928,241.01013194444445,6.219722222222222,1881.0,4711.0,11200.0,17656.600000000006
2008-02-20,37.56316666666667,3.171133333333333,241.66968749999998,6.608333333333333,3655.0,5516.0,7704.0,20688.166666666664
2008-02-21,27.230833333333333,1.8712333333333333,240.7503888888889,4.788472222222222,0.0,307.0,8523.0,18400.833333333332
2008-02-22,28.876066666666667,2.0281333333333333,241.43576388888889,5.055277777777778,1167.0,1985.0,10101.0,15623.066666666666
2008-02-23,30.566166666666668,2.2083999999999997,239.67264255910987,5.411543810848401,1684.0,2250.0,10040.0,16592.166666666668
2008-02-24,21.050133333333335,1.7888666666666666,240.37779861111113,3.638888888888889,754.0,332.0,11447.0,8517.133333333335
2008-02-25,8.408133333333334,1.5286666666666666,239.77600694444445,1.4555555555555555,0.0,321.0,1856.0,6231.133333333333
2008-02-26,8.452,1.4098333333333335,239.5333263888889,1.4590277777777778,0.0,295.0,2013.0,6144.0
2008-02-27,9.445333333333334,1.4361333333333335,239.5540208333333,1.6341666666666665,0.0,326.0,2969.0,6150.333333333334
2008-02-28,8.4864,1.3874666666666668,239.80427083333336,1.4669444444444446,0.0,281.0,2028.0,6177.4
2008-02-29,22.222466666666666,1.4824666666666666,238.03849305555556,3.872638888888889,0.0,3773.0,8062.0,10387.466666666667
2008-03-01,19.031266666666667,1.7526333333333333,239.4315138888889,3.277638888888889,0.0,1287.0,2724.0,15020.266666666666
2008-03-02,19.370433333333335,2.4118333333333335,239.74624305555557,3.425,0.0,5244.0,2565.0,11561.433333333334
2008-03-03,17.342499999999998,1.9055666666666666,240.3519861111111,2.9775,0.0,2207.0,1755.0,13380.499999999996
2008-03-04,27.8165,1.8159666666666667,241.02641666666665,4.867638888888889,1249.0,2443.0,9415.0,14709.5
2008-03-05,33.95346666666667,2.3483,241.06524305555556,5.970833333333333,1145.0,9797.0,5529.0,17482.466666666674
2008-03-06,41.72013333333334,1.7697333333333334,240.4292291666667,7.214583333333334,1082.0,372.0,6965.0,33301.13333333334
2008-03-07,31.049266666666664,2.1565333333333334,240.81606944444445,5.441666666666666,1235.0,3471.0,9033.0,17310.266666666663
2008-03-08,37.477666666666664,3.9513333333333334,241.59095138888887,6.588333333333334,6286.0,346.0,8435.0,22410.666666666664
2008-03-09,26.007633333333334,2.2595666666666667,240.74638194444444,4.591111111111111,2607.0,333.0,4155.0,18912.633333333335
2008-03-10,26.978099999999998,2.118733333333333,241.72734722222222,4.7125,2009.0,368.0,8660.0,15941.099999999999
2008-03-11,36.667366666666666,2.518333333333333,240.4241527777778,6.466944444444445,1271.0,3901.0,12936.0,18559.36666666667
2008-03-12,29.570533333333334,2.303233333333333,241.05720833333334,5.1722222222222225,1120.0,2374.0,11042.0,15034.533333333333
2008-03-13,27.92523333333333,2.141233333333333,240.802625,4.941666666666666,3263.0,3590.0,5464.0,15608.23333333333
2008-03-14,36.836999999999996,2.6624666666666665,240.62736805555554,6.44625,980.0,3881.0,14476.0,17499.999999999993
2008-03-15,26.271666666666665,2.5735333333333332,240.19799305555554,4.6506944444444445,2550.0,502.0,5910.0,17309.666666666664
2008-03-16,30.032666666666668,2.8941999999999997,241.29466666666667,5.298333333333334,2394.0,566.0,11286.0,15786.666666666668
2008-03-17,28.448633333333337,2.9212333333333333,240.8052291666667,5.006944444444445,236.0,6651.0,9346.0,12215.633333333339
2008-03-18,31.959433333333333,2.457333333333333,241.9289861111111,5.571944444444445,1156.0,4019.0,12544.0,14240.433333333334
2008-03-19,21.807466666666667,2.3749666666666664,242.40221527777777,3.825555555555556,2110.0,411.0,6154.0,13132.466666666667
2008-03-20,20.887900000000002,2.0142333333333333,241.76258333333334,3.6595833333333334,1107.0,478.0,6670.0,12632.900000000001
2008-03-21,34.4407,3.7304000000000004,241.36990972222222,6.038194444444445,2171.0,4778.0,13275.0,14216.699999999997
2008-03-22,34.22526666666667,3.094666666666667,241.61215277777777,6.020277777777778,3322.0,588.0,12405.0,17910.26666666667
2008-03-23,38.76649999999999,2.540766666666667,242.65262500000003,6.790555555555556,6279.0,2112.0,13878.0,16497.499999999993
2008-03-24,32.91113333333333,2.184166666666667,242.70725503822098,5.757887421820709,1131.0,5988.0,7008.0,18784.13333333333
2008-03-25,33.5976,2.130533333333333,242.1382152777778,5.870555555555556,2246.0,3677.0,13494.0,14180.599999999999
2008-03-26,27.224533333333333,2.2266333333333335,242.8097986111111,4.763055555555556,2547.0,3831.0,7547.0,13299.533333333333
2008-03-27,22.847033333333336,1.9406666666666665,242.0955416666667,3.9608333333333334,0.0,356.0,9022.0,13469.033333333336
2008-03-28,31.423733333333335,2.2939999999999996,242.32334027777776,5.479027777777778,2325.0,3605.0,11581.0,13912.733333333334
2008-03-29,41.185833333333335,2.9178,241.2535486111111,7.209305555555555,5153.0,375.0,17240.0,18417.833333333336
2008-03-30,35.773199999999996,2.9328333333333334,241.16375694444443,6.2775,5045.0,1315.0,9769.0,19644.199999999997
2008-03-31,22.9595,2.181,242.72704166666668,4.005972222222223,1091.0,411.0,9387.0,12070.5
2008-04-01,35.4842,2.839933333333333,241.61580555555557,6.202500000000001,1079.0,6657.0,14515.0,13233.200000000004
2008-04-02,28.194533333333332,2.3756666666666666,238.66715972222224,5.007638888888889,1106.0,3674.0,7989.0,15425.533333333333
2008-04-03,18.8126,2.0206,240.69424305555557,3.2808333333333333,0.0,422.0,6901.0,11489.599999999999
2008-04-04,27.19863333333333,2.088433333333333,241.33105555555554,4.726388888888889,2133.0,775.0,13246.0,11044.633333333331
2008-04-05,32.84603333333333,3.3947333333333334,240.55802777777777,5.784861111111112,2929.0,874.0,13644.0,15399.033333333333
2008-04-06,28.271966666666668,2.509533333333333,241.14960416666665,4.946388888888889,1124.0,2615.0,7552.0,16980.966666666667
2008-04-07,25.647299999999998,2.3546666666666667,243.2283263888889,4.484166666666667,2420.0,672.0,9466.0,13089.3
2008-04-08,44.29193333333333,3.0696,242.06658333333334,7.6994444444444445,2752.0,10713.0,17519.0,13307.933333333334
2008-04-09,20.314200000000003,2.2144,242.31770833333334,3.5229166666666667,0.0,376.0,9003.0,10935.200000000004
2008-04-10,24.6291,2.728,241.94904861111112,4.305416666666667,3261.0,457.0,6527.0,14384.100000000002
2008-04-11,31.2944,2.3981666666666666,240.758375,5.452638888888889,1802.0,491.0,14522.0,14479.399999999998
2008-04-12,46.666900000000005,6.537866666666667,241.0631736111111,8.218194444444444,7076.0,2499.0,15225.0,21866.90000000001
2008-04-13,37.216433333333335,3.5585666666666667,240.4233263888889,6.551805555555556,2554.0,5942.0,13007.0,15713.433333333334
2008-04-14,26.493033333333333,2.5826333333333333,242.31405555555554,4.604305555555555,0.0,425.0,11197.0,14871.033333333333
2008-04-15,27.8401,2.9797000000000002,241.23874305555555,4.909583333333334,1174.0,3998.0,9874.0,12794.099999999999
2008-04-16,24.817733333333333,2.0984,241.74438888888886,4.316111111111111,838.0,403.0,11322.0,12254.733333333334
2008-04-17,23.264366666666668,2.4313,241.40359722222223,4.104305555555555,1719.0,417.0,8638.0,12490.366666666669
2008-04-18,31.039833333333334,3.077433333333333,240.6415763888889,5.457638888888889,2174.0,3832.0,10921.0,14112.833333333336
2008-04-19,37.56183333333333,4.088066666666666,241.14318055555555,6.636111111111111,4319.0,2457.0,14722.0,16063.833333333336
2008-04-20,29.856966666666665,3.797566666666667,241.43287500000002,5.260555555555555,1030.0,4544.0,10401.0,13881.966666666664
2008-04-21,19.4026,2.9233333333333333,241.99249305555557,3.404166666666667,0.0,2673.0,6788.0,9941.599999999999
2008-04-22,27.12793333333333,3.2191666666666667,240.95971527777778,4.7725,971.0,5093.0,10603.0,10460.93333333333
2008-04-23,22.622133333333334,3.1583666666666668,241.51134027777778,3.9675,1380.0,492.0,8406.0,12344.133333333335
2008-04-24,17.3962,2.8654,240.60532638888887,3.0580555555555557,1263.0,522.0,5296.0,10315.2
2008-04-25,21.128899999999998,2.703733333333333,241.00715277777778,3.7,824.0,2004.0,9400.0,8900.899999999998
2008-04-26,15.052766666666667,2.8116,240.79256249999997,2.634027777777778,0.0,634.0,3586.0,10832.766666666666
2008-04-27,16.804,3.3019666666666665,240.90728472222222,2.96375,693.0,588.0,5488.0,10035.0
2008-04-28,10.9842,2.7853,240.97845833333332,1.9506944444444445,0.0,621.0,2786.0,7577.199999999999
2008-04-29,32.876933333333334,3.5892666666666666,240.70690277777777,5.770694444444444,1402.0,5411.0,10481.0,15582.933333333334
2008-04-30,18.362099999999998,2.859266666666667,241.43364583333334,3.218611111111111,1057.0,590.0,6653.0,10062.099999999999
2008-05-01,9.600233333333334,2.5116,241.4462638888889,1.7023611111111112,0.0,530.0,2586.0,6484.233333333334
2008-05-02,24.9628,3.4261333333333335,241.64894444444442,4.377777777777778,3114.0,584.0,8687.0,12577.800000000003
2008-05-03,21.493333333333332,3.3667333333333334,240.8336875,3.8009722222222218,996.0,541.0,6535.0,13421.333333333332
2008-05-04,24.516166666666667,3.4903666666666666,241.38047916666667,4.3625,2196.0,2872.0,5464.0,13984.166666666668
2008-05-05,22.7822,3.095833333333333,240.73685416666666,3.997777777777778,1008.0,378.0,10197.0,11199.2
2008-05-06,29.833000000000002,3.3266,240.29031944444444,5.245972222222222,1354.0,5410.0,12200.0,10869.000000000004
2008-05-07,19.6044,3.1826,241.0812638888889,3.4575,1030.0,423.0,6649.0,11502.399999999998
2008-05-08,35.278299999999994,4.2207333333333334,239.85129166666667,6.178472222222222,3667.0,702.0,12717.0,18192.299999999996
2008-05-09,29.121199999999998,3.831233333333333,240.47122222222222,5.136111111111111,2229.0,423.0,11904.0,14565.199999999997
2008-05-10,31.8188,4.830233333333334,240.08622916666667,5.636388888888889,6950.0,612.0,11714.0,12542.8
2008-05-11,26.848666666666666,4.595033333333333,240.48559722222222,4.804166666666666,563.0,1340.0,6930.0,18015.666666666668
2008-05-12,25.403399999999998,3.819,241.041625,4.519444444444445,2082.0,1085.0,11959.0,10277.399999999998
2008-05-13,24.6149,3.941133333333333,240.3740625,4.391805555555555,823.0,4089.0,8370.0,11332.899999999998
2008-05-14,26.404366666666665,4.6229000000000005,240.7085138888889,4.713333333333333,2467.0,3436.0,9716.0,10785.366666666665
2008-05-15,19.379466666666666,3.9620666666666664,240.35039583333335,3.5220833333333337,868.0,570.0,6820.0,11121.466666666667
2008-05-16,27.467166666666667,3.9200333333333335,239.6202433936022,4.9222531293463145,2228.0,2565.0,8955.0,13719.166666666668
2008-05-17,27.624233333333333,4.5982666666666665,239.4728611111111,4.951527777777778,2158.0,935.0,12472.0,12059.233333333334
2008-05-18,30.065966666666668,4.241533333333333,239.68268750000001,5.4094444444444445,1775.0,5355.0,8626.0,14309.966666666667
2008-05-19,17.171033333333334,2.928933333333333,240.43187500000002,3.0694444444444446,1014.0,558.0,7503.0,8096.033333333333
2008-05-20,26.355566666666668,3.068033333333333,241.01960416666665,4.682222222222222,1352.0,2431.0,11977.0,10595.56666666667
2008-05-21,22.068533333333335,3.1721,240.7605138888889,3.9166666666666665,1989.0,474.0,9251.0,10354.533333333333
2008-05-22,16.281133333333333,2.8302666666666667,239.50019444444447,2.9559722222222224,996.0,440.0,6475.0,8370.133333333333
2008-05-23,24.7486,2.9826333333333332,239.49885416666666,4.358611111111111,0.0,1390.0,14734.0,8624.599999999999
2008-05-24,26.336266666666667,4.759166666666667,240.72490277777777,4.669027777777777,1027.0,569.0,12833.0,11907.266666666666
2008-05-25,34.141733333333335,4.8402666666666665,239.94564583333332,6.136527777777778,4307.0,8811.0,6016.0,15007.733333333337
2008-05-26,21.495166666666666,3.6783,240.36368750000003,3.9297222222222223,985.0,666.0,9284.0,10560.166666666668
2008-05-27,28.478333333333335,3.4577666666666667,239.39086805555553,5.1073611111111115,0.0,5352.0,11478.0,11648.333333333336
2008-05-28,18.572866666666666,3.9274,241.32269444444444,3.3505555555555557,3138.0,512.0,6709.0,8213.866666666665
2008-05-29,18.917933333333334,3.1138666666666666,237.67515972222222,3.4756944444444446,1004.0,507.0,8703.0,8703.933333333334
2008-05-30,23.287399999999998,3.0369666666666664,240.55369444444446,4.202916666666667,0.0,3019.0,11298.0,8970.399999999998
2008-05-31,27.357833333333335,4.1654,240.65420138888888,4.923055555555555,1764.0,2328.0,11858.0,11407.833333333336
2008-06-01,30.8146,3.755666666666667,240.62318055555556,5.423194444444444,1906.0,545.0,11307.0,17056.6
2008-06-02,17.900199999999998,2.7526333333333333,236.369875,3.2180555555555554,960.0,558.0,6341.0,10041.199999999997
2008-06-03,26.630266666666667,2.8989666666666665,234.15220833333333,4.844166666666667,2897.0,2608.0,9265.0,11860.266666666666
2008-06-04,26.48186666666667,2.5400666666666667,234.70647222222223,4.8277777777777775,1550.0,7682.0,6508.0,10741.866666666669
2008-06-05,18.667966666666665,2.5517666666666665,235.16382638888888,3.3976388888888893,1747.0,506.0,8781.0,7633.9666666666635
2008-06-06,20.295233333333332,2.908666666666667,239.7169375,3.6720833333333336,1009.0,506.0,7871.0,10909.233333333334
2008-06-07,31.37473333333333,3.1069,238.98444444444442,5.531944444444444,2379.0,2611.0,14593.0,11791.73333333333
2008-06-08,25.705366666666666,3.139733333333333,239.96493750000002,4.596111111111111,2536.0,3161.0,9732.0,10276.366666666665
2008-06-09,22.094966666666668,3.0606666666666666,239.43468055555556,4.039722222222222,1967.0,2085.0,7921.0,10121.966666666667
2008-06-10,17.78483333333333,3.6003,239.97804861111112,3.204861111111111,907.0,585.0,8992.0,7300.833333333332
2008-06-11,18.7201,3.572866666666667,240.1544722222222,3.388472222222222,977.0,842.0,7566.0,9335.099999999999
2008-06-12,20.98886666666667,3.1548666666666665,239.69002083333334,3.7993055555555557,1951.0,567.0,7246.0,11224.866666666669
2008-06-13,31.238,4.696933333333333,238.88760250173732,5.60597637248089,2809.0,7358.0,10531.0,10540.0
2008-06-14,23.082,5.738,240.01449305555556,4.207777777777777,1862.0,1011.0,10681.0,9528.0
2008-06-15,38.1517,4.683433333333334,239.45372916666668,6.773611111111111,6471.0,6802.0,11589.0,13289.699999999997
2008-06-16,21.7174,3.4063666666666665,240.43346527777777,3.9047222222222224,1980.0,464.0,10012.0,9261.400000000001
2008-06-17,19.084733333333336,2.9244,240.35443055555555,3.4345833333333333,1080.0,432.0,10094.0,7478.733333333337
2008-06-18,31.560133333333333,4.5454,239.73986805555555,5.711388888888889,7549.0,3040.0,12687.0,8284.133333333331
2008-06-19,26.46803333333333,3.156966666666667,239.2726875,4.737916666666667,3411.0,1514.0,10911.0,10632.03333333333
2008-06-20,27.935066666666668,3.7903333333333333,239.9391875,5.008194444444444,2948.0,2935.0,12417.0,9635.06666666667
2008-06-21,28.90423333333333,3.9838,239.46340972222222,5.134166666666666,940.0,5823.0,12828.0,9313.23333333333
2008-06-22,26.106933333333334,4.9024,239.04411805555557,4.674027777777778,4705.0,1175.0,10652.0,9574.933333333334
2008-06-23,20.863266666666668,3.5159333333333334,238.93765277777777,3.7919444444444443,2600.0,581.0,10124.0,7558.266666666666
2008-06-24,29.240866666666665,4.217033333333333,237.91538888888888,5.262222222222222,2779.0,3489.0,14271.0,8701.866666666665
2008-06-25,21.0295,4.843766666666666,238.89490277777776,3.9109722222222225,2773.0,569.0,9402.0,8285.5
2008-06-26,17.60033333333333,3.6235666666666666,239.3514027777778,3.2111111111111112,921.0,572.0,8971.0,7136.333333333332
2008-06-27,29.252533333333336,4.3668,238.9349861111111,5.236666666666666,4159.0,2372.0,10163.0,12558.533333333336
2008-06-28,20.146666666666665,3.5159000000000002,239.14238194444445,3.6859722222222224,0.0,2000.0,7932.0,10214.666666666664
2008-06-29,12.4892,3.0610666666666666,240.16064583333335,2.3311111111111114,955.0,535.0,3896.0,7103.200000000001
2008-06-30,13.403266666666667,3.1587666666666667,240.37611805555554,2.4791666666666665,0.0,521.0,6819.0,6063.266666666666
2008-07-01,20.254,4.6298,239.5402916666667,3.74,3465.0,587.0,8390.0,7812.0
2008-07-02,19.120033333333332,4.4423,238.96197916666668,3.569583333333333,962.0,650.0,7002.0,10506.033333333333
2008-07-03,18.305999999999997,3.5624666666666664,239.63549305555554,3.3431944444444444,958.0,2569.0,7410.0,7368.999999999996
2008-07-04,15.700333333333333,3.1355333333333335,240.1796527777778,2.8283333333333336,0.0,589.0,8302.0,6809.333333333332
2008-07-05,24.4848,3.7463333333333333,239.56477083333334,4.386527777777778,1875.0,6754.0,8365.0,7490.799999999999
2008-07-06,30.084400000000002,4.226366666666666,240.59022916666666,5.359444444444445,4258.0,5230.0,7536.0,13060.400000000001
2008-07-07,16.389833333333332,3.3801666666666668,239.63371527777778,2.968611111111111,2171.0,592.0,7149.0,6477.833333333332
2008-07-08,18.770233333333334,3.2719666666666667,239.700625,3.371388888888889,991.0,503.0,7592.0,9684.233333333334
2008-07-09,15.321966666666667,3.1954,240.3295763888889,2.7752777777777777,951.0,499.0,7352.0,6519.966666666667
2008-07-10,20.8546,4.004033333333333,239.86775694444444,3.7434722222222225,982.0,552.0,8186.0,11134.600000000002
2008-07-11,20.903599999999997,4.183933333333333,239.5169097222222,3.782222222222222,724.0,558.0,9251.0,10370.599999999999
2008-07-12,22.147533333333335,4.4354000000000005,240.05927777777777,4.050416666666667,4436.0,2617.0,7231.0,7863.5333333333365
2008-07-13,20.895899999999997,2.7817999999999996,240.29121696801113,3.769123783031989,1671.0,3164.0,7056.0,9004.899999999998
2008-07-14,18.965433333333333,3.494466666666667,240.4941875,3.431666666666667,2564.0,1995.0,6436.0,7970.433333333334
2008-07-15,19.264333333333333,3.1822666666666666,239.78144444444447,3.435694444444444,968.0,552.0,8585.0,9159.333333333332
2008-07-16,17.95103333333333,3.441033333333333,240.59338194444442,3.2368055555555557,1537.0,2799.0,4978.0,8637.033333333333
2008-07-17,21.985366666666668,3.9917666666666665,239.91703472222224,4.026666666666666,1122.0,723.0,8280.0,11860.366666666669
2008-07-18,21.026400000000002,3.2601,239.5771875,3.736944444444444,1143.0,552.0,9260.0,10071.400000000001
2008-07-19,22.400233333333333,3.4671666666666665,239.15111805555554,4.019722222222222,2941.0,3146.0,7676.0,8637.233333333334
2008-07-20,15.692233333333332,2.8762666666666665,239.77769444444445,2.836388888888889,1943.0,1076.0,5457.0,7216.233333333332
2008-07-21,19.274633333333334,2.8741666666666665,239.10169444444443,3.482083333333333,1698.0,431.0,9189.0,7956.633333333335
2008-07-22,12.337366666666666,2.685466666666667,239.67030555555556,2.272638888888889,0.0,430.0,4886.0,7021.366666666667
2008-07-23,15.7105,2.7065333333333332,240.09611805555554,2.8494444444444444,1233.0,454.0,6325.0,7698.5
2008-07-24,18.22416666666667,3.0980333333333334,239.8837638888889,3.2215277777777778,837.0,476.0,8344.0,8567.166666666668
2008-07-25,14.425566666666667,3.0452333333333335,239.0572152777778,2.618333333333333,1168.0,492.0,6731.0,6034.5666666666675
2008-07-26,13.594733333333332,3.5553000000000003,240.02869444444445,2.4944444444444445,0.0,948.0,6243.0,6403.733333333332
2008-07-27,19.123266666666666,3.8856333333333333,238.4711597222222,3.5125,1063.0,858.0,8385.0,8817.266666666666
2008-07-28,13.763399999999999,3.3085666666666667,239.99369444444443,2.5743055555555556,0.0,509.0,5963.0,7291.4
2008-07-29,19.442633333333333,3.4730666666666665,240.24888194444446,3.6408333333333336,1571.0,530.0,5802.0,11539.633333333331
2008-07-30,21.665133333333333,3.792266666666667,239.08559027777778,4.065138888888889,2548.0,773.0,6278.0,12066.133333333335
2008-07-31,23.21063333333333,4.057933333333334,240.09567361111112,4.231805555555556,1533.0,2808.0,7588.0,11281.633333333331
2008-08-01,12.326266666666667,4.211733333333333,239.8054375,2.3279166666666664,586.0,1150.0,5091.0,5499.266666666666
2008-08-02,8.4296,2.971566666666667,239.12872916666666,1.5879166666666666,0.0,504.0,3803.0,4122.6
2008-08-03,8.413033333333333,2.767533333333333,237.0544375,1.5766666666666667,0.0,499.0,3926.0,3988.033333333333
2008-08-04,18.765333333333334,3.227,237.86346073662267,3.4172341904100065,596.0,4677.0,4410.0,9082.333333333336
2008-08-05,13.785300000000001,3.0041333333333333,238.73645833333333,2.5059722222222223,635.0,509.0,7118.0,5523.300000000001
2008-08-06,5.4352,3.5750666666666664,240.56582638888887,1.0904166666666666,0.0,513.0,2215.0,2707.2
2008-08-07,5.5814,3.582333333333333,239.3123263888889,1.1206944444444444,0.0,526.0,2357.0,2698.4000000000005
2008-08-08,5.036666666666666,3.2741333333333333,239.45654166666665,1.0055555555555555,0.0,481.0,1980.0,2575.666666666666
2008-08-09,5.982066666666666,3.3331666666666666,240.71045833333332,1.1602777777777777,0.0,489.0,1902.0,3591.0666666666666
2008-08-10,5.8671999999999995,3.1517666666666666,240.2648888888889,1.1225,0.0,464.0,1905.0,3498.2
2008-08-11,6.1986,3.1270000000000002,240.7183263888889,1.1706944444444445,0.0,489.0,1880.0,3829.5999999999995
2008-08-12,4.8164,3.117366666666667,240.04828472222223,0.9534722222222223,0.0,462.0,1844.0,2510.3999999999996
2008-08-13,4.709733333333333,3.0639333333333334,240.87151388888887,0.9315277777777778,0.0,451.0,1789.0,2469.7333333333336
2008-08-14,4.5043,2.9661,241.14088194444443,0.885,0.0,441.0,1641.0,2422.3
2008-08-15,4.5609,2.9696333333333333,241.15816666666666,0.8959722222222223,0.0,439.0,1691.0,2430.9000000000005
2008-08-16,4.580233333333334,3.0279666666666665,242.09534722222222,0.8994444444444445,0.0,442.0,1688.0,2450.2333333333345
2008-08-17,4.579933333333333,2.9919333333333333,241.18345138888887,0.8977777777777778,0.0,445.0,1710.0,2424.9333333333334
2008-08-18,4.562633333333333,2.9683,241.35584027777776,0.8943055555555556,0.0,440.0,1719.0,2403.633333333333
2008-08-19,4.5782,3.010366666666667,240.8947361111111,0.9033333333333333,0.0,442.0,1697.0,2439.2
2008-08-20,4.474533333333333,2.9677333333333333,241.54370833333334,0.8833333333333333,0.0,437.0,1626.0,2411.533333333333
2008-08-21,4.354966666666667,2.8162000000000003,240.29566666666668,0.8497222222222222,0.0,432.0,1577.0,2345.966666666667
2008-08-22,4.452066666666667,2.9109,240.88224305555556,0.8720833333333333,0.0,438.0,1614.0,2400.0666666666675
2008-08-23,4.244033333333333,2.8237,242.14265972222222,0.8308333333333334,0.0,419.0,1485.0,2340.0333333333338
2008-08-24,4.245266666666667,2.7318333333333333,241.61341666666667,0.8263888888888888,0.0,404.0,1523.0,2318.2666666666664
2008-08-25,4.171633333333333,2.7311666666666667,241.47397222222224,0.8083333333333333,0.0,422.0,1436.0,2313.633333333333
2008-08-26,4.2927333333333335,2.7761,241.11954861111113,0.8372222222222222,0.0,420.0,1533.0,2339.7333333333336
2008-08-27,4.3019,2.7645333333333335,240.57646527777777,0.8331944444444445,0.0,399.0,1539.0,2363.8999999999996
2008-08-28,4.470766666666666,2.9016333333333337,240.54265277777776,0.875,0.0,432.0,1631.0,2407.7666666666664
2008-08-29,4.4598,2.8531,240.33545138888888,0.875,0.0,430.0,1599.0,2430.8
2008-08-30,4.507066666666666,2.9592,240.51399305555557,0.88625,0.0,435.0,1619.0,2453.0666666666657
2008-08-31,25.010233333333336,3.5069666666666666,240.01763724808896,4.450312717164698,2056.0,3733.0,12117.0,7104.233333333337
2008-09-01,20.791833333333333,3.0747666666666666,239.9159097222222,3.7325,950.0,521.0,10183.0,9137.833333333332
2008-09-02,23.069233333333333,3.7438999999999996,239.3289652777778,4.141527777777778,4273.0,1206.0,6648.0,10942.233333333334
2008-09-03,23.141433333333335,2.9881333333333333,240.0294583333333,4.118611111111111,1326.0,1902.0,10213.0,9700.433333333334
2008-09-04,20.420333333333335,2.5311999999999997,238.66349305555556,3.6547222222222224,2225.0,404.0,9408.0,8383.333333333336
2008-09-05,14.566,2.453933333333333,239.59059027777778,2.6055555555555556,379.0,431.0,6943.0,6813.0
2008-09-06,31.1429,3.9715333333333334,239.33977777777778,5.524444444444445,2948.0,6500.0,13400.0,8294.900000000001
2008-09-07,22.877599999999997,2.940733333333333,240.58868750000002,4.080833333333333,3612.0,1707.0,5976.0,11582.599999999999
2008-09-08,21.822066666666668,2.6762333333333337,241.3818263888889,3.8533333333333335,747.0,2293.0,9559.0,9223.06666666667
2008-09-09,19.327566666666666,3.0111666666666665,239.78166666666664,3.4644444444444447,236.0,453.0,7728.0,10910.566666666666
2008-09-10,21.679399999999998,2.7738333333333336,239.48058333333333,3.8575,1009.0,399.0,10281.0,9990.399999999998
2008-09-11,17.145233333333334,3.2006333333333337,239.09980555555555,3.080277777777778,1005.0,417.0,7644.0,8079.233333333334
2008-09-12,23.212699999999998,2.9716333333333336,239.9683125,4.144583333333333,1867.0,402.0,8738.0,12205.699999999997
2008-09-13,27.1906,3.1032,240.1245486111111,4.820138888888889,930.0,5433.0,11807.0,9020.599999999999
2008-09-14,26.272100000000002,3.2291000000000003,239.8889861111111,4.734999999999999,4673.0,445.0,6538.0,14616.100000000002
2008-09-15,28.295133333333336,2.2686333333333333,240.25590972222224,5.071805555555556,960.0,364.0,10322.0,16649.133333333335
2008-09-16,20.36436666666667,2.601,240.94875000000002,3.6193055555555556,0.0,368.0,8249.0,11747.366666666669
2008-09-17,25.32016666666667,2.9528000000000003,240.6566736111111,4.489722222222222,1910.0,3727.0,9371.0,10312.166666666668
2008-09-18,25.088166666666666,3.1562666666666668,240.3271388888889,4.447361111111111,4202.0,357.0,7991.0,12538.166666666664
2008-09-19,25.3141,2.7794666666666665,240.3571111111111,4.47875,1569.0,351.0,12367.0,11027.099999999999
2008-09-20,21.743333333333332,2.6034,240.59411805555558,3.8055555555555554,0.0,370.0,12477.0,8896.333333333332
2008-09-21,25.551166666666667,3.4377,240.94015972222223,4.560277777777778,4010.0,2381.0,8347.0,10813.166666666668
2008-09-22,22.642733333333336,2.5254,240.2091597222222,4.012638888888889,1014.0,2448.0,10227.0,8953.733333333337
2008-09-23,20.546466666666667,2.7521333333333335,240.18336111111108,3.6841666666666666,0.0,2168.0,7920.0,10458.466666666667
2008-09-24,28.639166666666664,2.8912,240.1257916666667,5.031666666666667,2019.0,4730.0,10548.0,11342.166666666664
2008-09-25,18.853666666666665,2.896166666666667,240.2903263888889,3.34375,1012.0,751.0,8485.0,8605.666666666664
2008-09-26,23.8575,3.5262000000000002,240.39362500000001,4.239583333333333,1221.0,370.0,10890.0,11376.5
2008-09-27,35.457433333333334,4.284000000000001,240.14647916666667,6.258611111111111,4347.0,2584.0,12688.0,15838.433333333334
2008-09-28,28.851733333333335,2.7327999999999997,240.27841666666666,5.079583333333334,1920.0,385.0,11242.0,15304.733333333337
2008-09-29,25.02896666666667,3.3238666666666665,240.26402083333335,4.4094444444444445,1014.0,363.0,10677.0,12974.96666666667
2008-09-30,22.916766666666668,2.584866666666667,240.58377083333335,4.0247222222222225,998.0,360.0,7415.0,14143.766666666666
2008-10-01,31.20606666666667,3.0209333333333332,241.12861111111113,5.482083333333334,2249.0,5800.0,10808.0,12349.06666666667
2008-10-02,22.42236666666667,2.5612666666666666,240.32824305555553,3.948611111111111,0.0,367.0,9060.0,12995.366666666669
2008-10-03,26.87633333333333,2.6433000000000004,239.84200694444445,4.745694444444444,4801.0,349.0,9432.0,12294.333333333332
2008-10-04,35.00826666666667,3.603333333333333,240.1744027777778,6.144861111111111,3462.0,629.0,12573.0,18344.26666666667
2008-10-05,25.8325,2.4382666666666664,240.13754166666666,4.534166666666667,990.0,3257.0,6071.0,15514.5
2008-10-06,23.729699999999998,2.086733333333333,239.1190763888889,4.216388888888889,990.0,286.0,9562.0,12891.699999999997
2008-10-07,28.776133333333334,3.120566666666667,238.85286805555555,5.166111111111111,1016.0,419.0,9476.0,17865.133333333335
2008-10-08,31.0096,2.5401666666666665,240.0490138888889,5.43125,1044.0,5126.0,11650.0,13189.599999999999
2008-10-09,33.061366666666665,3.0316666666666667,239.2754236111111,5.812361111111111,1032.0,3064.0,11652.0,17313.36666666666
2008-10-10,25.305633333333333,2.4674,239.63485416666666,4.436805555555556,0.0,389.0,12046.0,12870.633333333331
2008-10-11,27.8231,2.5808000000000004,239.18261805555554,4.905972222222222,2144.0,2335.0,11373.0,11971.099999999999
2008-10-12,31.799,2.696766666666667,240.15154166666665,5.615138888888889,2561.0,5822.0,7171.0,16245.0
2008-10-13,24.366266666666665,2.4649,240.80942361111113,4.254305555555556,1037.0,535.0,9483.0,13311.266666666663
2008-10-14,26.817600000000002,2.7381,239.21572916666668,4.730138888888889,1177.0,442.0,9939.0,15259.600000000002
2008-10-15,35.94826666666667,2.8076999999999996,239.5067916666667,6.328194444444445,1998.0,7042.0,9984.0,16924.26666666667
2008-10-16,26.39466666666667,2.280666666666667,239.26284722222223,4.66125,951.0,429.0,8438.0,16576.666666666668
2008-10-17,31.114766666666664,2.5587,240.047625,5.475833333333333,2036.0,3187.0,9639.0,16252.766666666663
2008-10-18,37.319833333333335,2.710466666666667,239.83543055555558,6.547083333333333,799.0,1655.0,12146.0,22719.833333333336
2008-10-19,32.865566666666666,3.0266,240.04254861111113,5.805277777777778,698.0,8010.0,4600.0,19557.566666666666
2008-10-20,27.79256666666667,2.296866666666667,240.43249305555554,4.860277777777778,844.0,2648.0,10475.0,13825.56666666667
2008-10-21,34.395266666666664,2.5390666666666664,239.7306875,6.080833333333333,857.0,2663.0,11331.0,19544.266666666663
2008-10-22,27.4335,2.4890666666666665,240.8157638888889,4.836944444444445,662.0,2542.0,8487.0,15742.5
2008-10-23,30.508233333333333,2.6868,240.39904166666668,5.374583333333333,815.0,1435.0,10587.0,17671.233333333334
2008-10-24,35.55376666666667,2.8002333333333334,240.41369444444442,6.266944444444444,7893.0,2277.0,10284.0,15099.76666666667
2008-10-25,25.385933333333334,1.8539666666666668,240.9600286327845,4.554760200429492,737.0,394.0,13433.0,10821.933333333334
2008-10-26,8.724866666666665,1.9255,242.12346527777777,1.4991666666666668,0.0,360.0,2013.0,6351.866666666665
2008-10-27,8.731533333333335,2.1496333333333335,242.22805555555558,1.5091666666666665,0.0,402.0,1967.0,6362.533333333335
2008-10-28,22.1215,2.417933333333333,241.32679166666668,3.8531944444444446,2263.0,362.0,5090.0,14406.5
2008-10-29,26.876266666666666,2.221366666666667,241.78959722222223,4.604305555555555,1037.0,345.0,4015.0,21479.266666666666
2008-10-30,18.31,2.050466666666667,242.08329166666667,3.2733333333333334,0.0,345.0,2619.0,15346.0
2008-10-31,21.430533333333337,1.7391333333333334,241.32977083333333,3.7663888888888892,0.0,312.0,10483.0,10635.533333333336
2008-11-01,13.841633333333334,1.8945333333333332,241.8102361111111,2.6256944444444446,0.0,344.0,1939.0,11558.633333333335
2008-11-02,15.1769,2.0078666666666667,242.15574305555558,2.864027777777778,0.0,346.0,2824.0,12006.9
2008-11-03,14.126666666666667,1.9208,241.76511805555558,2.665,963.0,347.0,1892.0,10924.666666666666
2008-11-04,26.0386,2.0246,240.80244444444446,4.6523611111111105,0.0,6214.0,4106.0,15718.599999999999
2008-11-05,52.24883333333333,4.297,239.48077083333334,9.239166666666666,7597.0,10409.0,8362.0,25880.83333333333
2008-11-06,26.47396666666667,3.0244666666666666,240.39021527777777,4.726666666666667,1033.0,430.0,6734.0,18276.96666666667
2008-11-07,26.9864,1.8331333333333333,239.75178472222223,4.754583333333334,1032.0,389.0,10421.0,15144.400000000001
2008-11-08,28.88563333333333,2.219466666666667,239.30802777777777,5.104722222222223,1114.0,3271.0,6069.0,18431.63333333333
2008-11-09,42.975633333333334,3.5157666666666665,238.45406944444443,7.620972222222223,6301.0,661.0,14348.0,21665.63333333333
2008-11-10,34.86466666666667,2.5915000000000004,239.65224546722456,6.177545327754533,1023.0,355.0,10285.0,23201.66666666667
2008-11-11,40.9325,2.134666666666667,239.87869444444445,7.183333333333334,2475.0,2288.0,14651.0,21518.5
2008-11-12,36.44156666666667,2.6469333333333336,240.38696105702365,6.348678720445062,1066.0,2712.0,9430.0,23233.566666666666
2008-11-13,20.641000000000002,2.0904000000000003,241.59792361111113,3.627222222222222,0.0,338.0,6315.0,13988.0
2008-11-14,27.02896666666667,2.1315666666666666,241.02181944444445,4.7555555555555555,2092.0,325.0,9929.0,14682.96666666667
2008-11-15,50.52713333333334,2.752666666666667,238.63411805555555,8.963194444444444,3952.0,3799.0,15635.0,27141.13333333334
2008-11-16,39.42386666666666,2.7188333333333334,240.4941388888889,6.919027777777777,4791.0,1829.0,8945.0,23858.86666666666
2008-11-17,25.393933333333333,1.9812333333333332,241.13493055555554,4.412083333333333,0.0,378.0,10590.0,14425.933333333334
2008-11-18,29.15083333333333,2.321366666666667,239.90204166666666,5.141805555555555,1079.0,369.0,11204.0,16498.833333333332
2008-11-19,30.670633333333335,2.7742,240.53961805555554,5.412916666666667,1737.0,3026.0,8704.0,17203.633333333335
2008-11-20,28.2056,2.0198666666666667,239.81811805555557,4.984444444444445,1034.0,347.0,7732.0,19092.600000000002
2008-11-21,27.898833333333336,2.1259,239.9283333333333,4.946527777777778,1039.0,348.0,10396.0,16115.833333333336
2008-11-22,28.5228,2.0811333333333333,239.7318125,5.049583333333333,1093.0,882.0,8320.0,18227.8
2008-11-23,56.7554,3.4490666666666665,239.14946490618487,10.051146629603892,3631.0,8823.0,10272.0,34029.4
2008-11-24,53.54996666666667,2.0269666666666666,240.3594861111111,9.285416666666666,1063.0,510.0,13378.0,38598.96666666667
2008-11-25,45.0475,2.5094,240.93060416666668,7.823888888888889,3010.0,345.0,10471.0,31221.5
2008-11-26,25.2659,1.9999333333333333,242.40089583333332,4.356388888888889,909.0,304.0,10002.0,14050.899999999998
2008-11-27,39.3703,2.1036333333333332,241.4400138888889,6.841111111111112,2491.0,330.0,12440.0,24109.300000000003
2008-11-28,31.43273333333333,2.140433333333333,243.06651388888892,5.409583333333334,1113.0,295.0,11361.0,18663.73333333333
2008-11-29,40.5778,2.7751666666666663,241.24075694444446,7.0536111111111115,5268.0,2392.0,12386.0,20531.800000000003
2008-11-30,40.023133333333334,2.8484,242.3745625,6.955555555555556,1161.0,3481.0,11474.0,23907.13333333333
2008-12-01,26.9423,1.9779666666666667,243.4458402777778,4.758472222222222,1085.0,309.0,9013.0,16535.3
2008-12-02,29.890733333333333,2.4318,243.37936805555555,5.215138888888889,0.0,304.0,11343.0,18243.733333333334
2008-12-03,29.25273333333333,2.0787,243.38372916666668,5.069583333333333,1137.0,302.0,9664.0,18149.73333333333
2008-12-04,28.9773,1.8998333333333333,243.46313888888886,5.02375,1085.0,281.0,11314.0,16297.3
2008-12-05,34.3103,2.000433333333333,242.9759097222222,5.967638888888889,831.0,310.0,9852.0,23317.299999999996
2008-12-06,42.06393333333333,3.1357333333333335,241.13656250000003,7.358333333333333,4005.0,5749.0,9048.0,23261.933333333334
2008-12-07,41.11233333333333,3.0037333333333334,242.23854166666666,7.157361111111111,3294.0,310.0,13627.0,23881.33333333333
2008-12-08,31.143933333333333,2.0130333333333335,243.73161805555557,5.383194444444444,1117.0,296.0,13256.0,16474.933333333334
2008-12-09,33.385733333333334,2.2085999999999997,243.5556527777778,5.757638888888889,1985.0,2553.0,12886.0,15961.733333333337
2008-12-10,35.18366666666667,2.2834333333333334,243.50085401459853,6.369489051094891,1128.0,4144.0,10889.0,19022.666666666664
2008-12-11,23.875366666666665,1.9152666666666667,243.41836111111112,4.121944444444445,1160.0,273.0,7979.0,14463.366666666665
2008-12-12,30.258899999999997,2.322366666666667,243.04302083333334,5.221666666666667,1157.0,255.0,12154.0,16692.899999999998
2008-12-13,30.426233333333336,2.7213,241.5385486111111,5.321805555555556,2186.0,261.0,9271.0,18708.233333333337
2008-12-14,33.36866666666666,2.733566666666667,241.62279861111114,5.8815277777777775,3742.0,2497.0,5415.0,21714.666666666664
2008-12-15,29.924166666666668,1.8957333333333333,243.0392013888889,5.190972222222222,1178.0,252.0,9668.0,18826.166666666668
2008-12-16,29.9515,1.9099666666666666,243.87990277777777,5.192638888888888,0.0,253.0,11334.0,18364.5
2008-12-17,34.97976666666667,2.2702666666666667,243.3135138888889,6.080277777777778,4251.0,284.0,10813.0,19631.76666666667
2008-12-18,28.949,1.9678333333333333,242.8590625,4.989305555555556,1125.0,258.0,11293.0,16273.0
2008-12-19,31.368533333333335,2.202566666666667,241.8661736111111,5.480138888888889,1538.0,296.0,11773.0,17761.533333333336
2008-12-20,37.375033333333334,2.678166666666667,242.56599722029185,6.499791521890202,1132.0,6479.0,12819.0,16945.033333333333
2008-12-21,44.06016666666667,2.2512,241.72008333333332,7.662638888888889,1099.0,9189.0,14816.0,18956.166666666664
2008-12-22,33.5968,2.081166666666667,241.86449305555556,5.857083333333334,2157.0,391.0,10433.0,20615.800000000003
2008-12-23,29.968133333333334,2.5180000000000002,241.77054861111114,5.250694444444444,2666.0,2115.0,8326.0,16861.133333333335
2008-12-24,21.160633333333333,1.9219666666666666,243.960625,3.6336111111111107,0.0,364.0,9981.0,10815.633333333331
2008-12-25,17.685299999999998,1.9480333333333335,243.2330625,3.0386111111111114,0.0,285.0,3598.0,13802.3
2008-12-26,20.395533333333333,2.0703666666666667,244.35365972222223,3.5006944444444446,1121.0,279.0,7796.0,11199.533333333333
2008-12-27,49.53606666666667,1.9688666666666668,243.31189583333332,8.431805555555554,0.0,244.0,12209.0,37083.06666666667
2008-12-28,26.177366666666668,1.8708,244.56038194444446,4.42,1953.0,217.0,5291.0,18716.36666666667
2008-12-29,9.254633333333334,1.5273,244.95475694444443,1.5788888888888888,0.0,218.0,2480.0,6556.633333333335
2008-12-30,19.920633333333335,1.8867666666666667,244.63816666666668,3.4018055555555557,0.0,245.0,7145.0,12530.633333333335
2008-12-31,32.736466666666665,2.154533333333333,243.29661805555557,5.6876388888888885,2975.0,246.0,11860.0,17655.466666666664
2009-01-01,23.444866666666666,1.8778000000000001,242.8360625,4.149861111111111,765.0,3845.0,2803.0,16031.866666666665
2009-01-02,38.79183333333334,3.4121666666666663,242.7048888888889,6.737777777777778,2417.0,6018.0,11841.0,18515.833333333336
2009-01-03,31.8916,2.9152,243.68145833333332,5.530833333333333,6440.0,328.0,10439.0,14684.600000000002
2009-01-04,32.33323333333333,2.7889666666666666,244.82243055555554,5.633194444444444,1457.0,5251.0,3245.0,22380.233333333334
2009-01-05,26.733333333333334,2.1489666666666665,244.83077777777777,4.6362499999999995,1247.0,322.0,8650.0,16514.333333333336
2009-01-06,28.16436666666667,1.9259333333333333,245.09266666666667,4.834027777777778,0.0,254.0,12462.0,15448.366666666669
2009-01-07,34.6712,2.3584,246.0406388888889,5.946805555555556,2687.0,3820.0,9979.0,18185.199999999997
2009-01-08,27.221166666666665,2.0728999999999997,245.3507361111111,4.720694444444445,2773.0,299.0,10075.0,14074.166666666664
2009-01-09,29.8117,1.9262000000000001,244.62240972222224,5.182083333333333,1802.0,272.0,9285.0,18452.699999999997
2009-01-10,35.04913333333333,2.6955666666666667,244.12048611111112,6.088888888888889,2828.0,4288.0,12539.0,15394.133333333331
2009-01-11,32.93313333333334,2.3873333333333333,245.5315486111111,5.764722222222223,4521.0,5301.0,5887.0,17224.13333333334
2009-01-12,26.48796666666667,1.8738,245.52706944444444,4.513888888888889,0.0,261.0,12147.0,14079.966666666667
2009-01-13,36.376666666666665,2.2357,244.45834027777778,6.254305555555556,1140.0,329.0,16194.0,18713.666666666664
2009-01-14,29.604699999999998,2.011,244.60943710910354,5.100208478109798,2277.0,332.0,10301.0,16694.699999999997
2009-01-15,26.0678,1.9257666666666668,243.02127777777778,4.520555555555556,2731.0,390.0,9561.0,13385.8
2009-01-16,46.109233333333336,2.9986666666666664,242.56897222222221,8.040555555555555,5811.0,3158.0,15220.0,21920.233333333337
2009-01-17,55.297000000000004,2.7424000000000004,241.63154166666666,9.578888888888889,2477.0,3154.0,15322.0,34344.00000000001
2009-01-18,52.5699,3.497333333333333,242.64408333333333,9.167638888888888,5649.0,6701.0,12727.0,27492.899999999994
2009-01-19,28.3311,1.9879,243.1261736111111,4.924444444444444,1118.0,376.0,10279.0,16558.1
2009-01-20,28.967133333333333,2.231333333333333,243.39985416666664,4.979722222222223,0.0,282.0,13727.0,14958.133333333331
2009-01-21,28.990566666666666,2.134066666666667,244.10518749999997,4.992916666666667,1148.0,2159.0,9830.0,15853.566666666666
2009-01-22,20.6226,1.9266666666666665,244.00635416666668,3.5900000000000003,0.0,341.0,8246.0,12035.599999999999
2009-01-23,31.842266666666667,2.104966666666667,242.76895138888887,5.530833333333333,2078.0,295.0,12146.0,17323.266666666666
2009-01-24,36.6795,2.8329,243.25075694444448,6.391111111111112,5096.0,4492.0,8322.0,18769.5
2009-01-25,47.394400000000005,2.4627666666666665,242.54399305555555,8.151388888888889,3971.0,5960.0,11213.0,26250.4
2009-01-26,27.907866666666667,1.8879333333333332,243.20027083333335,4.834444444444444,1121.0,348.0,9821.0,16617.86666666667
2009-01-27,23.7505,2.2605999999999997,243.9376041666667,4.167916666666667,896.0,278.0,6608.0,15968.5
2009-01-28,45.36223333333333,1.9336666666666666,243.03222222222223,7.830972222222223,2301.0,6949.0,14285.0,21827.23333333333
2009-01-29,26.2283,1.7384333333333333,243.36284722222223,4.532638888888889,0.0,294.0,8996.0,16938.3
2009-01-30,34.3173,2.0015666666666667,244.28983333333332,5.917916666666666,1622.0,280.0,12147.0,20268.300000000003
2009-01-31,55.2142,3.978533333333333,242.47138194444443,9.633194444444444,8278.0,6575.0,15309.0,25052.199999999997
2009-02-01,30.124333333333333,2.4930333333333334,244.76485734664766,5.395720399429386,3330.0,622.0,7494.0,18678.333333333332
2009-02-02,26.721666666666668,1.7764666666666666,244.8748263888889,4.581111111111111,1159.0,232.0,10915.0,14415.666666666668
2009-02-03,31.139833333333335,2.0501666666666667,244.3027222222222,5.3438888888888885,703.0,878.0,14984.0,14574.833333333336
2009-02-04,41.0154,2.5267333333333335,244.68669444444447,7.041388888888889,871.0,6961.0,15960.0,17223.4
2009-02-05,27.4848,2.0364666666666666,243.85506249999997,4.7625,1104.0,264.0,12987.0,13129.8
2009-02-06,34.13993333333334,2.114533333333333,243.28893055555557,5.921666666666667,1165.0,273.0,11716.0,20985.93333333334
2009-02-07,52.19226666666667,3.0774,242.05092361111113,9.080972222222222,6822.0,4483.0,17873.0,23014.26666666667
2009-02-08,36.381099999999996,2.2336666666666667,243.35456944444445,6.329583333333334,5341.0,259.0,15174.0,15607.099999999999
2009-02-09,28.443966666666665,2.243466666666667,243.3219861111111,4.9655555555555555,1063.0,228.0,9375.0,17777.966666666664
2009-02-10,32.39703333333333,1.9305333333333332,243.15777083333333,5.5841666666666665,1128.0,263.0,12339.0,18667.033333333333
2009-02-11,43.98983333333333,3.9893666666666667,242.09756249999998,7.73125,2985.0,10477.0,12195.0,18332.83333333333
2009-02-12,32.811,1.9880666666666669,242.91152777777776,5.682638888888889,1109.0,299.0,17724.0,13679.0
2009-02-13,28.167033333333332,1.8197666666666668,241.69333333333336,4.891805555555555,1100.0,254.0,11554.0,15259.033333333333
2009-02-14,38.87656666666667,1.9794666666666667,241.95406815020863,6.729485396383867,2280.0,3256.0,18509.0,14831.566666666666
2009-02-15,26.433866666666667,1.9003666666666668,242.8439375,4.501388888888889,2465.0,226.0,5234.0,18508.86666666667
2009-02-16,21.98323333333333,1.8634333333333333,242.14300694444444,3.8281944444444447,0.0,261.0,7037.0,14685.23333333333
2009-02-17,13.0283,1.8781666666666665,242.261843220339,2.298870056497175,0.0,266.0,3925.0,8837.3
2009-02-18,13.774166666666668,1.8844,242.23109722222225,2.3558333333333334,0.0,297.0,5471.0,8006.166666666668
2009-02-19,12.2878,1.6563,241.54959027777775,2.111527777777778,1046.0,262.0,1796.0,9183.800000000001
2009-02-20,31.3456,2.4506,240.19070833333333,5.535,2897.0,293.0,8768.0,19387.600000000002
2009-02-21,21.9364,2.5900333333333334,240.9543402777778,3.806666666666667,2111.0,262.0,3983.0,15580.399999999998
2009-02-22,37.307966666666665,2.9304666666666668,241.31630555555554,6.534722222222222,3816.0,8576.0,7133.0,17782.966666666667
2009-02-23,45.56093333333333,2.1633333333333336,241.24088194444445,7.873055555555556,1212.0,3744.0,12471.0,28133.933333333334
2009-02-24,29.719066666666667,2.0557666666666665,240.8879236111111,5.167638888888889,0.0,1602.0,14512.0,13605.066666666666
2009-02-25,19.497400000000003,1.8844999999999998,241.2019652777778,3.4125,1092.0,274.0,7359.0,10772.400000000001
2009-02-26,19.280866666666668,1.8766666666666665,240.73236805555555,3.3630555555555555,0.0,268.0,6841.0,12171.866666666669
2009-02-27,33.8153,3.3686000000000003,240.96568750000003,5.903472222222222,1154.0,246.0,14831.0,17584.300000000003
2009-02-28,27.179166666666667,3.543133333333333,242.3972777777778,4.834305555555555,1145.0,5358.0,8006.0,12670.166666666668
2009-03-01,41.127100000000006,3.1518666666666664,242.13927727588603,7.221681723419041,11178.0,2740.0,8834.0,18375.100000000006
2009-03-02,24.624033333333333,2.256066666666667,242.24184722222222,4.401111111111112,1560.0,310.0,6684.0,16070.033333333333
2009-03-03,30.81586666666667,2.1317333333333335,242.89735416666667,5.347083333333334,1159.0,268.0,13024.0,16364.866666666669
2009-03-04,30.702166666666667,2.157233333333333,242.3844861111111,5.397222222222222,2214.0,2570.0,8393.0,17525.166666666668
2009-03-05,24.030199999999997,1.8743666666666667,241.67960416666668,4.253333333333334,0.0,271.0,9094.0,14665.199999999997
2009-03-06,29.724566666666664,2.1492666666666667,240.79331249999998,5.2636111111111115,1144.0,265.0,12056.0,16259.566666666666
2009-03-07,28.27443333333333,2.4977666666666667,242.47164583333333,4.935972222222222,1055.0,811.0,12113.0,14295.43333333333
2009-03-08,39.286100000000005,3.2364333333333333,242.15979166666665,6.881805555555555,7253.0,5260.0,12691.0,14082.100000000006
2009-03-09,28.0926,2.267333333333333,242.48230555555557,4.904444444444445,2001.0,369.0,10336.0,15386.600000000002
2009-03-10,30.6035,1.9150333333333334,241.8284375,5.340694444444445,0.0,281.0,11610.0,18712.5
2009-03-11,40.0984,2.2874,241.8211736111111,7.027638888888888,3476.0,7288.0,10737.0,18597.4
2009-03-12,31.454333333333334,2.2462,241.9984236111111,5.457916666666667,0.0,364.0,13655.0,17435.333333333336
2009-03-13,24.092,2.3114,242.75730555555558,4.171388888888889,1082.0,311.0,10466.0,12233.0
2009-03-14,35.81713333333333,2.5875,242.17880555555556,6.186111111111111,2196.0,280.0,18036.0,15305.133333333331
2009-03-15,32.3677,2.9625333333333335,241.77111111111114,5.69625,3478.0,5152.0,8353.0,15384.7
2009-03-16,22.245533333333334,1.9876333333333334,242.41189020152885,3.8480889506601805,0.0,306.0,9273.0,12666.533333333333
2009-03-17,32.1985,3.916533333333333,241.95642361111112,5.649305555555555,1110.0,3952.0,12320.0,14816.500000000004
2009-03-18,24.178,2.031766666666667,242.84061805555555,4.181111111111111,1123.0,375.0,12101.0,10579.0
2009-03-19,19.858866666666664,1.9402000000000001,242.7762777777778,3.4248611111111114,0.0,314.0,9458.0,10086.866666666665
2009-03-20,24.398433333333333,2.1673,242.9164861111111,4.217777777777778,1083.0,308.0,10618.0,12389.433333333334
2009-03-21,32.16703333333333,3.2942666666666667,242.58272222222223,5.671805555555555,5420.0,682.0,10266.0,15799.03333333333
2009-03-22,28.152833333333334,2.1713333333333336,241.52761111111113,4.950555555555556,2017.0,3778.0,9015.0,13342.833333333332
2009-03-23,21.6075,2.0020333333333333,242.05365277777778,3.7894444444444444,1078.0,310.0,5999.0,14220.5
2009-03-24,27.6952,2.4472666666666667,242.4840972222222,4.8943055555555555,1710.0,352.0,10149.0,15484.2
2009-03-25,30.646233333333335,3.2339333333333333,243.1130625,5.353055555555556,2780.0,3315.0,10287.0,14264.233333333334
2009-03-26,20.1834,1.9958333333333333,242.93575694444445,3.5016666666666665,0.0,312.0,8596.0,11275.399999999998
2009-03-27,28.56543333333333,3.0179,242.62864583333334,5.015138888888889,1103.0,526.0,9947.0,16989.43333333333
2009-03-28,37.68293333333334,4.611666666666666,242.13561805555554,6.603333333333333,4527.0,327.0,12225.0,20603.93333333334
2009-03-29,36.94416666666667,2.2849,242.54856944444444,6.418333333333333,1611.0,4024.0,9502.0,21807.166666666664
2009-03-30,24.6242,2.1887333333333334,242.72852083333333,4.304722222222223,1085.0,295.0,9901.0,13343.199999999997
2009-03-31,30.391366666666666,2.2998,242.16790277777778,5.309027777777778,2202.0,2711.0,12958.0,12520.366666666665
2009-04-01,27.352333333333334,2.384133333333333,242.90603472222222,4.807916666666666,2807.0,2364.0,7309.0,14872.333333333336
2009-04-02,27.40556666666667,2.0793666666666666,242.2396388888889,4.761388888888889,1128.0,324.0,13500.0,12453.56666666667
2009-04-03,22.721,2.209966666666667,241.8118888888889,3.982916666666666,0.0,326.0,8556.0,13839.0
2009-04-04,36.52053333333333,3.3288,241.45065277777778,6.396527777777778,2699.0,4172.0,16251.0,13398.533333333333
2009-04-05,22.9286,3.0502,242.31370833333332,4.112083333333333,3832.0,357.0,6503.0,12236.599999999999
2009-04-06,24.21056666666667,2.192333333333333,242.30114583333335,4.225555555555555,799.0,333.0,10141.0,12937.56666666667
2009-04-07,24.001533333333334,2.545533333333333,241.98941666666667,4.23125,1103.0,338.0,9121.0,13439.533333333333
2009-04-08,25.576666666666664,2.6891666666666665,242.25972916666666,4.527916666666666,2131.0,2827.0,7968.0,12650.666666666664
2009-04-09,31.507866666666665,2.9489333333333336,242.2968263888889,5.464583333333334,2682.0,366.0,13482.0,14977.866666666665
2009-04-10,30.701900000000002,2.7632,242.0344861111111,5.329166666666667,2057.0,2822.0,13828.0,11994.900000000001
2009-04-11,41.04076666666666,4.227766666666667,240.96925694444442,7.175277777777778,3661.0,4286.0,18233.0,14860.766666666663
2009-04-12,35.68353333333334,4.694500000000001,240.4032986111111,6.332777777777778,7498.0,1504.0,12470.0,14211.53333333334
2009-04-13,26.643733333333333,3.324,241.13144645340753,4.737830319888734,1006.0,5648.0,6209.0,13780.733333333334
2009-04-14,25.025633333333335,3.1430000000000002,241.4923263888889,4.435,888.0,2341.0,9478.0,12318.633333333335
2009-04-15,20.267699999999998,3.181433333333333,241.32070833333333,3.6109722222222222,1880.0,463.0,5278.0,12646.699999999997
2009-04-16,26.0754,2.9836,240.47604166666667,4.6241666666666665,2896.0,397.0,9809.0,12973.399999999998
2009-04-17,34.04683333333333,2.8533,241.32772916666667,5.966944444444445,0.0,5224.0,7655.0,21167.83333333333
2009-04-18,25.204433333333334,2.4493,241.04625,4.428055555555555,1028.0,2613.0,10699.0,10864.433333333334
2009-04-19,21.441133333333333,2.5600666666666667,242.6585347222222,3.7484722222222224,2201.0,376.0,8088.0,10776.133333333331
2009-04-20,24.775166666666667,2.8250333333333333,241.90455555555556,4.333333333333333,0.0,2644.0,10476.0,11655.166666666668
2009-04-21,31.576633333333334,3.045533333333333,240.64846527777777,5.535277777777778,1925.0,375.0,7380.0,21896.633333333335
2009-04-22,24.936633333333337,3.3984666666666663,241.27485416666664,4.372777777777778,1024.0,1203.0,13265.0,9444.633333333335
2009-04-23,19.024333333333335,2.9242333333333335,241.49463888888891,3.402222222222222,1068.0,395.0,5511.0,12050.333333333336
2009-04-24,19.9008,3.0136666666666665,241.7900833333333,3.529861111111111,0.0,383.0,9677.0,9840.8
2009-04-25,33.70473333333334,3.9265333333333334,240.50833333333333,5.936111111111111,2007.0,3901.0,13225.0,14571.733333333337
2009-04-26,29.693766666666665,3.8269666666666664,241.8649236111111,5.242083333333333,3053.0,3017.0,10561.0,13062.766666666666
2009-04-27,22.52713333333333,2.6734666666666667,241.0012291666667,4.004166666666666,995.0,376.0,7021.0,14135.133333333331
2009-04-28,28.439766666666667,2.672766666666667,241.990125,5.059027777777778,2068.0,371.0,11469.0,14531.766666666666
2009-04-29,27.744666666666667,2.360266666666667,242.18654166666667,4.858472222222222,1043.0,2492.0,9372.0,14837.666666666668
2009-04-30,30.579366666666665,2.3009333333333335,241.90433333333334,5.323888888888889,1027.0,363.0,15305.0,13884.366666666665
2009-05-01,25.213366666666666,3.1743666666666663,241.27309027777778,4.424166666666666,1067.0,1052.0,11709.0,11385.366666666665
2009-05-02,23.231833333333334,2.993666666666667,241.8829027777778,4.077500000000001,1430.0,374.0,9760.0,11667.833333333336
2009-05-03,26.814633333333333,2.994966666666667,242.06633333333335,4.7619444444444445,3207.0,2593.0,7226.0,13788.633333333331
2009-05-04,27.798033333333333,2.434266666666667,241.43522916666666,4.841388888888889,1007.0,411.0,11374.0,15006.033333333333
2009-05-05,28.857899999999997,2.3652333333333333,240.81849305555556,5.057222222222222,1049.0,5539.0,10166.0,12103.899999999998
2009-05-06,22.498366666666666,2.4396333333333335,240.8967152777778,3.969722222222222,1038.0,1797.0,9058.0,10605.366666666665
2009-05-07,16.877466666666667,2.2501333333333333,241.1735138888889,2.972777777777778,0.0,374.0,7992.0,8511.466666666667
2009-05-08,30.9526,2.581366666666667,240.82481249999998,5.417777777777778,2226.0,848.0,15426.0,12452.599999999999
2009-05-09,21.022533333333335,3.0497333333333336,241.57422916666667,3.7644444444444445,2090.0,382.0,6605.0,11945.533333333336
2009-05-10,32.775866666666666,3.4149666666666665,241.0718763029882,5.843919388464211,4300.0,6670.0,8692.0,13113.866666666669
2009-05-11,25.286266666666666,2.6406666666666667,240.25132638888888,4.4309722222222225,1035.0,457.0,11009.0,12785.266666666666
2009-05-12,27.099266666666665,2.5003666666666664,240.3767777777778,4.768888888888889,0.0,2713.0,11335.0,13051.266666666666
2009-05-13,20.7733,2.8594333333333335,240.63597916666666,3.7073611111111116,1419.0,553.0,7127.0,11674.3
2009-05-14,26.783066666666667,2.531833333333333,240.05952083333335,4.805694444444445,0.0,4065.0,11499.0,11219.066666666666
2009-05-15,23.70376666666667,2.342433333333333,240.95720138888888,4.182777777777778,1382.0,494.0,12195.0,9632.76666666667
2009-05-16,33.4563,3.108366666666667,239.98875694444445,5.885416666666667,1705.0,4820.0,12265.0,14666.299999999996
2009-05-17,25.7294,3.7743333333333333,240.30072916666666,4.605416666666667,2555.0,1926.0,7168.0,14080.399999999998
2009-05-18,20.1651,2.576,240.9586736111111,3.518194444444444,763.0,374.0,8971.0,10057.099999999999
2009-05-19,26.955733333333335,3.1480666666666663,240.9929375,4.701527777777778,3253.0,792.0,10981.0,11929.733333333334
2009-05-20,21.786033333333332,3.0397000000000003,241.31970833333332,3.8394444444444447,1061.0,1889.0,9470.0,9366.033333333333
2009-05-21,26.2525,3.539933333333333,241.01910416666666,4.608472222222222,1553.0,1278.0,12563.0,10858.5
2009-05-22,17.913433333333334,3.9540333333333333,241.9665347222222,3.200972222222222,982.0,1207.0,8078.0,7646.433333333334
2009-05-23,25.509966666666667,3.220833333333333,240.56841666666668,4.4944444444444445,480.0,1844.0,12579.0,10606.966666666667
2009-05-24,21.4631,2.953333333333333,242.01796527777776,3.7705555555555557,45.0,446.0,10256.0,10716.100000000002
2009-05-25,22.568266666666666,3.0527,238.4309027777778,4.001805555555555,920.0,966.0,9930.0,10752.266666666666
2009-05-26,22.294566666666665,2.1028666666666664,231.78053583855254,4.044676409185803,1191.0,860.0,10100.0,10143.566666666666
2009-05-27,25.7382,2.0817,231.14297222222223,4.673472222222222,1052.0,2355.0,11076.0,11255.2
2009-05-28,19.662266666666667,2.1464333333333334,233.70236111111112,3.512916666666667,1502.0,421.0,9049.0,8690.266666666666
2009-05-29,20.7141,2.4525,241.55870138888892,3.633472222222222,1005.0,434.0,10112.0,9163.099999999999
2009-05-30,27.651766666666667,3.8947999999999996,241.1634097222222,4.9030555555555555,2787.0,1707.0,11557.0,11600.766666666666
2009-05-31,15.948166666666667,3.3436000000000003,241.45614583333332,2.8866666666666667,1466.0,458.0,5720.0,8304.166666666668
2009-06-01,24.054333333333332,3.8312666666666666,241.334125,4.31125,2789.0,461.0,11361.0,9443.333333333332
2009-06-02,18.1773,3.728266666666667,241.6302986111111,3.367777777777778,0.0,506.0,7892.0,9779.3
2009-06-03,22.60963333333333,3.3487666666666667,240.40592361111112,4.076666666666666,940.0,1370.0,11577.0,8722.633333333331
2009-06-04,17.261000000000003,2.7443666666666666,240.0102013888889,3.083472222222222,1906.0,455.0,6905.0,7995.000000000004
2009-06-05,20.505999999999997,2.6158333333333332,239.86320833333335,3.65,0.0,456.0,12515.0,7534.999999999996
2009-06-06,24.590833333333332,3.8916,240.58184027777776,4.414305555555556,1769.0,2732.0,10611.0,9478.833333333332
2009-06-07,20.1232,3.6488333333333336,241.01856249999997,3.628888888888889,2077.0,1641.0,6034.0,10371.2
2009-06-08,19.64626666666667,2.156,240.0647291666667,3.5420833333333337,1024.0,432.0,8551.0,9639.26666666667
2009-06-09,22.214166666666664,2.5732666666666666,240.9235138888889,3.957777777777778,1000.0,414.0,10695.0,10105.166666666664
2009-06-10,26.716600000000003,2.6534666666666666,240.7160833333333,4.733888888888889,1032.0,4745.0,9889.0,11050.600000000002
2009-06-11,21.677500000000002,2.6655333333333333,241.17605555555556,3.8533333333333335,0.0,472.0,10610.0,10595.500000000004
2009-06-12,18.362199999999998,2.5450666666666666,240.9373402777778,3.265972222222222,1009.0,460.0,7137.0,9756.199999999997
2009-06-16,25.14653333333333,3.5364666666666666,240.83118055555556,4.484861111111111,2983.0,1221.0,13691.0,7251.533333333329
2009-06-17,16.466933333333333,3.2143333333333337,241.29550694444447,2.958888888888889,975.0,611.0,7193.0,7687.933333333334
2009-06-18,19.428333333333335,2.7659000000000002,241.2962222222222,3.4075,0.0,461.0,11223.0,7744.333333333336
2009-06-19,18.114433333333334,2.7376666666666667,241.31758333333335,3.208472222222222,969.0,475.0,7737.0,8933.433333333334
2009-06-20,18.451666666666664,2.984266666666667,241.48458333333332,3.2494444444444444,0.0,2657.0,9159.0,6635.666666666664
2009-06-21,14.252366666666667,2.6921000000000004,241.28675694444445,2.5322222222222224,1039.0,412.0,6002.0,6799.366666666667
2009-06-22,18.234966666666665,2.7020666666666666,241.20229166666667,3.2180555555555554,0.0,449.0,11148.0,6637.9666666666635
2009-06-23,17.32023333333333,2.7312000000000003,241.21326388888886,3.0751388888888886,1010.0,1261.0,8186.0,6863.23333333333
2009-06-24,25.581233333333333,3.2387,240.53718055555555,4.516111111111111,3059.0,1239.0,14275.0,7008.233333333334
2009-06-25,12.856033333333333,3.0661,241.17795138888889,2.313888888888889,0.0,495.0,6224.0,6137.033333333333
2009-06-26,21.2887,3.9810999999999996,240.54077083333334,3.8409722222222222,1826.0,538.0,9952.0,8972.699999999997
2009-06-27,28.484199999999998,4.527066666666667,241.81414583333333,5.028194444444445,2663.0,2432.0,13468.0,9921.199999999997
2009-06-28,17.656566666666667,4.6304,241.83843055555556,3.2090277777777776,0.0,1421.0,6742.0,9493.566666666666
2009-06-29,16.83556666666667,3.9337666666666666,241.89382638888887,3.026388888888889,1794.0,598.0,6462.0,7981.566666666669
2009-06-30,19.8741,4.719166666666666,241.94360416666666,3.6422222222222222,582.0,1034.0,8989.0,9269.099999999999
2009-07-01,20.3057,4.429033333333334,241.80929861111113,3.6469444444444448,989.0,590.0,9747.0,8979.7
2009-07-02,20.709633333333333,4.6053,241.96674305555555,3.7150000000000003,637.0,603.0,8032.0,11437.633333333331
2009-07-03,14.402466666666667,4.099933333333333,241.92334722222222,2.6351388888888887,856.0,642.0,7371.0,5533.466666666667
2009-07-04,20.6428,6.2317,241.14746527777777,3.8441666666666667,2084.0,2329.0,6791.0,9438.800000000003
2009-07-05,23.51226666666667,6.385800000000001,241.4445763888889,4.310277777777778,3215.0,1438.0,8014.0,10845.26666666667
2009-07-06,15.904333333333334,4.5161999999999995,241.76347222222225,2.9018055555555557,429.0,755.0,7142.0,7578.333333333334
2009-07-07,18.502266666666667,4.277299999999999,241.64100694444443,3.4037499999999996,1292.0,3619.0,5704.0,7887.266666666666
2009-07-08,20.573333333333334,3.6866,241.60375000000002,3.6909722222222223,0.0,3514.0,9308.0,7751.333333333336
2009-07-09,14.104199999999999,3.2442,242.59112499999998,2.6118055555555557,0.0,656.0,4783.0,8665.199999999999
2009-07-10,19.7853,3.6205,242.2466643454039,3.5204735376044565,988.0,2624.0,7492.0,8681.3
2009-07-11,16.566133333333333,4.157866666666667,242.21479166666666,3.018194444444444,981.0,683.0,7756.0,7146.133333333331
2009-07-12,8.557966666666665,3.191333333333333,242.3049375,1.6009722222222222,0.0,589.0,4060.0,3908.9666666666653
2009-07-13,8.2791,3.2754333333333334,242.5475138888889,1.5625,0.0,594.0,3881.0,3804.1000000000004
2009-07-14,15.190499999999998,4.4429,242.2053888888889,2.8152777777777778,2303.0,618.0,6155.0,6114.499999999998
2009-07-15,11.967899999999998,3.1615333333333333,241.92689583333333,2.1675,878.0,932.0,5820.0,4337.899999999998
2009-07-16,9.992566666666667,4.322100000000001,242.11697916666668,1.876111111111111,0.0,1724.0,3902.0,4366.5666666666675
2009-07-17,12.1968,2.9855666666666667,241.59461805555554,2.1952777777777777,0.0,626.0,6670.0,4900.799999999999
2009-07-18,16.106833333333334,3.6389666666666667,242.00627777777777,2.884861111111111,0.0,663.0,5389.0,10054.833333333334
2009-07-19,20.060733333333335,4.320833333333334,242.04660416666667,3.5258333333333334,0.0,598.0,5058.0,14404.733333333334
2009-07-20,11.041433333333334,3.631066666666667,241.84186111111114,2.0479166666666666,914.0,784.0,4948.0,4395.433333333334
2009-07-21,13.562700000000001,4.444999999999999,242.522875,2.5005555555555556,0.0,981.0,7795.0,4786.700000000001
2009-07-22,12.325533333333334,3.9746666666666663,242.07941666666665,2.2625,0.0,681.0,3965.0,7679.533333333335
2009-07-23,17.166666666666668,3.6485,241.94331944444446,3.0527777777777776,926.0,622.0,9064.0,6554.666666666668
2009-07-24,9.362300000000001,3.4756,241.7508263888889,1.756527777777778,0.0,630.0,4128.0,4604.300000000001
2009-07-25,8.944799999999999,3.2576666666666667,242.09706944444446,1.6822222222222223,0.0,577.0,3716.0,4651.799999999999
2009-07-26,9.050266666666666,3.9966333333333335,242.65740277777775,1.7173611111111111,0.0,1019.0,3799.0,4232.266666666666
2009-07-27,11.4761,5.365833333333333,242.52809027777778,2.1820833333333334,0.0,2062.0,5202.0,4212.1
2009-07-28,15.047500000000001,4.212766666666666,242.22140972222223,2.7680555555555557,0.0,4899.0,4353.0,5795.500000000002
2009-07-29,15.033333333333333,3.091133333333333,241.50047222222221,2.711388888888889,869.0,749.0,7549.0,5866.333333333334
2009-07-30,13.205433333333334,3.303433333333333,242.4390138888889,2.4106944444444447,0.0,2304.0,4040.0,6861.433333333334
2009-07-31,16.263833333333334,3.8041,241.87106250000002,3.002222222222222,865.0,3423.0,6302.0,5673.833333333334
2009-08-01,11.782766666666667,4.044366666666667,241.50300694444445,2.207361111111111,0.0,844.0,6248.0,4690.766666666666
2009-08-02,8.162066666666666,3.4248666666666665,240.94159722222224,1.5684722222222223,0.0,637.0,3539.0,3986.0666666666657
2009-08-03,8.3383,3.2883333333333336,241.92006944444447,1.5655555555555556,0.0,605.0,3811.0,3922.300000000001
2009-08-04,8.481533333333333,3.273,242.27648611111113,1.6094444444444445,0.0,607.0,3871.0,4003.533333333333
2009-08-05,8.644200000000001,3.4649,242.30757638888886,1.6444444444444444,0.0,620.0,4042.0,3982.2000000000007
2009-08-06,8.877866666666668,3.5797666666666665,241.22875000000002,1.677361111111111,0.0,659.0,4193.0,4025.866666666667
2009-08-07,8.988266666666668,3.6881666666666666,241.3577986111111,1.6958333333333333,0.0,668.0,4232.0,4088.2666666666682
2009-08-08,8.774533333333332,3.5678,241.72709722222223,1.6597222222222223,0.0,646.0,4093.0,4035.533333333333
2009-08-09,16.637233333333334,4.738766666666667,242.04941666666664,3.057222222222222,1984.0,2380.0,5154.0,7119.233333333334
2009-08-10,17.822633333333332,4.9708,241.02849999999998,3.277083333333333,0.0,3719.0,6012.0,8091.633333333331
2009-08-11,15.849233333333332,5.1241666666666665,241.84149305555556,2.94875,857.0,1467.0,6577.0,6948.233333333332
2009-08-12,13.7406,4.542533333333334,241.80827777777776,2.5543055555555556,912.0,689.0,4991.0,7148.6
2009-08-14,12.477933333333334,4.022133333333334,241.1795763888889,2.2831944444444447,429.0,850.0,4647.0,6551.933333333334
2009-08-15,25.234366666666666,6.4127,240.8963472222222,4.605833333333333,3437.0,1852.0,8922.0,11023.366666666665
2009-08-16,20.2952,6.8175333333333334,240.52084722222224,3.7944444444444443,1604.0,1094.0,5691.0,11906.2
2009-08-17,13.098466666666667,4.191033333333333,241.22044444444444,2.4170833333333333,1.0,813.0,6261.0,6023.466666666667
2009-08-18,18.009966666666667,4.112066666666666,240.8264861111111,3.2581944444444444,2306.0,1440.0,6324.0,7939.966666666667
2009-08-19,14.679033333333333,4.383233333333333,241.54156944444443,2.7259722222222225,896.0,812.0,6044.0,6927.033333333333
2009-08-20,12.9287,4.348166666666667,241.08561805555553,2.4233333333333333,0.0,883.0,6138.0,5907.699999999999
2009-08-21,19.362433333333335,4.3727,240.61175694444444,3.5033333333333334,3043.0,887.0,7527.0,7905.433333333334
2009-08-22,25.8123,6.9639,241.1232361111111,4.760694444444444,4544.0,3203.0,8549.0,9516.3
2009-08-23,17.778466666666667,6.1971333333333325,241.55547222222222,3.330416666666667,949.0,819.0,6994.0,9016.466666666667
2009-08-24,20.8709,4.751733333333333,241.06553472222222,3.7718055555555554,2279.0,737.0,8247.0,9607.899999999998
2009-08-25,15.726833333333333,4.613766666666667,241.50986111111112,2.889166666666666,1140.0,755.0,6291.0,7540.833333333334
2009-08-26,18.942433333333334,4.4869,241.77745833333333,3.4327777777777775,2131.0,1516.0,7860.0,7435.433333333334
2009-08-27,12.4911,4.186766666666666,241.638125,2.317638888888889,0.0,664.0,4283.0,7544.0999999999985
2009-08-28,18.647366666666667,4.114833333333333,240.8744375,3.3722222222222222,1778.0,1125.0,7485.0,8259.366666666665
2009-08-29,23.140233333333335,5.258666666666667,240.97532638888887,4.183472222222222,905.0,1483.0,11707.0,9045.233333333334
2009-08-30,27.8057,4.9014,241.08125694444445,4.980277777777778,2653.0,1363.0,10648.0,13141.7
2009-08-31,21.092033333333333,3.6553,238.7429027777778,3.822361111111111,960.0,678.0,9974.0,9480.033333333333
2009-09-01,16.342266666666667,3.6178666666666666,241.22110416666666,2.9940277777777777,0.0,697.0,6073.0,9572.266666666666
2009-09-02,20.380233333333333,3.4643,241.81777083333336,3.6381944444444443,947.0,659.0,9921.0,8853.233333333334
2009-09-03,20.853133333333336,3.5572999999999997,241.33006944444443,3.762083333333333,3319.0,3099.0,5011.0,9424.133333333335
2009-09-04,17.07313333333333,3.017733333333333,242.01287499999998,3.05625,0.0,636.0,8095.0,8342.133333333331
2009-09-05,25.2311,4.501133333333333,240.86027777777778,4.530833333333333,2988.0,2248.0,10433.0,9562.100000000002
2009-09-06,20.47716666666667,3.6755333333333335,241.86031944444443,3.665138888888889,995.0,588.0,9031.0,9863.166666666668
2009-09-07,20.357633333333336,3.3581999999999996,241.71161805555553,3.6395833333333334,2196.0,577.0,8299.0,9285.633333333335
2009-09-08,18.104233333333333,3.3367333333333336,241.35160416666668,3.2243055555555555,1002.0,577.0,8533.0,7992.233333333334
2009-09-09,25.355733333333333,3.7262,241.30850694444445,4.49125,964.0,3832.0,10671.0,9888.733333333334
2009-09-10,18.539233333333335,3.3731999999999998,241.2289513888889,3.3091666666666666,928.0,600.0,6508.0,10503.233333333337
2009-09-11,20.235766666666667,3.0563000000000002,241.14999305555554,3.565555555555555,0.0,631.0,11693.0,7911.766666666666
2009-09-12,34.40596666666667,5.419933333333334,240.70704861111113,6.1425,9583.0,1202.0,12601.0,11019.966666666674
2009-09-13,26.171699999999998,4.519866666666667,240.24999305072967,4.688116747741487,4146.0,612.0,10170.0,11243.699999999997
2009-09-14,26.247633333333333,3.9944333333333333,241.47695833333333,4.6575,2843.0,603.0,9091.0,13710.633333333331
2009-09-15,24.2801,3.071266666666667,240.99238194444447,4.285,1769.0,560.0,8644.0,13307.100000000002
2009-09-16,29.0527,3.2957666666666667,240.23129166666666,5.1497222222222225,1035.0,3470.0,13384.0,11163.7
2009-09-17,20.39043333333333,2.7880333333333334,241.3606527777778,3.610833333333334,0.0,563.0,9710.0,10117.43333333333
2009-09-18,22.900533333333332,2.8202,241.09920138888887,4.038611111111111,1993.0,652.0,9151.0,11104.533333333333
2009-09-19,35.595166666666664,4.391533333333333,240.35401388888891,6.259444444444445,1607.0,4050.0,14845.0,15093.166666666664
2009-09-20,33.922133333333335,4.928233333333334,241.29544444444446,6.024027777777778,4532.0,2466.0,11935.0,14989.133333333331
2009-09-21,23.63113333333333,3.5694333333333335,241.2526875,4.20125,921.0,604.0,10844.0,11262.133333333331
2009-09-22,20.7756,3.454266666666667,241.18202777777776,3.6991666666666667,937.0,597.0,8502.0,10739.600000000002
2009-09-23,27.276833333333332,3.932733333333333,240.74660416666666,4.824722222222222,2085.0,978.0,12884.0,11329.833333333332
2009-09-24,23.770966666666666,3.7346,240.38723611111112,4.234999999999999,1051.0,621.0,10374.0,11724.966666666667
2009-09-25,19.350266666666666,3.4649333333333336,241.42292361111112,3.4836111111111108,0.0,594.0,9694.0,9062.266666666666
2009-09-26,25.937566666666665,4.8007,241.17850694444445,4.585277777777778,1943.0,571.0,14581.0,8842.566666666666
2009-09-27,23.507866666666665,3.8414,241.22180555555556,4.200555555555556,1817.0,4571.0,8554.0,8565.866666666665
2009-09-28,21.6576,3.2199666666666666,241.72634027777778,3.795416666666666,0.0,603.0,10797.0,10257.599999999999
2009-09-29,19.10663333333333,3.3313,240.8973472222222,3.3938888888888887,1031.0,603.0,7322.0,10150.633333333331
2009-09-30,29.5456,3.5379333333333336,240.75700278164118,5.232545201668985,970.0,8080.0,9196.0,11299.599999999999
2009-10-01,21.4542,3.0902666666666665,241.52952083333335,3.7866666666666666,950.0,602.0,9433.0,10469.2
2009-10-02,19.211133333333333,3.0526,240.75888194444443,3.386111111111111,0.0,570.0,10142.0,8499.133333333331
2009-10-03,28.612333333333332,4.256600000000001,240.63635416666665,5.050416666666667,3644.0,920.0,14480.0,9568.333333333332
2009-10-04,27.018433333333334,3.7535000000000003,240.6988611111111,4.815138888888889,3189.0,3499.0,8980.0,11350.433333333334
2009-10-05,21.258699999999997,2.692333333333333,241.22052083333332,3.698611111111111,984.0,542.0,7983.0,11749.699999999997
2009-10-06,23.807466666666667,2.9879333333333333,241.18004861111112,4.170972222222222,1.0,543.0,8806.0,14457.466666666667
2009-10-07,30.3639,3.4570333333333334,241.2119583333333,5.339027777777778,734.0,4334.0,9908.0,15387.900000000001
2009-10-08,26.286099999999998,3.1102333333333334,241.06977777777777,4.583888888888889,2091.0,619.0,11568.0,12008.099999999999
2009-10-09,22.531033333333333,3.1403000000000003,240.81015277777777,3.953611111111111,0.0,559.0,10718.0,11254.033333333333
2009-10-10,33.54593333333334,4.260366666666667,239.76139583333332,5.927222222222222,4510.0,570.0,14811.0,13654.933333333334
2009-10-11,32.30473333333334,4.4769,240.64904794996525,5.746907574704656,4111.0,6454.0,8648.0,13091.733333333337
2009-10-12,22.526733333333333,2.6285666666666665,240.22382638888888,3.968611111111111,997.0,515.0,9420.0,11594.733333333334
2009-10-13,24.151666666666664,2.756533333333333,240.24728472222225,4.249722222222222,983.0,530.0,9530.0,13108.666666666664
2009-10-14,28.5204,2.9181666666666666,239.7594652777778,5.004583333333334,2001.0,3131.0,10013.0,13375.399999999998
2009-10-15,24.832933333333333,2.3272,241.12213194444445,4.324305555555555,1629.0,463.0,9641.0,13099.933333333334
2009-10-16,25.281,2.4230666666666667,240.24599999999998,4.415138888888889,0.0,482.0,11136.0,13663.0
2009-10-17,45.70133333333333,4.352533333333333,238.8905625,8.045555555555556,5490.0,4364.0,18326.0,17521.33333333333
2009-10-18,25.936066666666665,2.3774,240.7508402777778,4.500555555555556,712.0,499.0,11144.0,13581.066666666666
2009-10-19,22.818466666666666,2.2393,242.26024305555555,3.9530555555555553,1104.0,457.0,8227.0,13030.466666666667
2009-10-20,28.713466666666665,2.5259666666666667,242.52750694444444,4.975,760.0,450.0,11005.0,16498.466666666667
2009-10-21,32.8251,3.202833333333333,242.30701388888886,5.713333333333334,2031.0,5916.0,8569.0,16309.099999999999
2009-10-22,23.328500000000002,2.5974999999999997,242.4139583333333,4.042361111111111,0.0,492.0,11074.0,11762.5
2009-10-23,29.290833333333335,3.2784,241.09628472222224,5.144861111111111,3180.0,495.0,11696.0,13919.833333333336
2009-10-24,43.57346666666667,3.6410666666666667,239.8931875,7.658472222222223,6202.0,518.0,15941.0,20912.466666666667
2009-10-25,40.10893333333333,4.0530333333333335,239.92554861111108,7.070277777777778,3010.0,6181.0,13691.0,17226.933333333334
2009-10-26,18.539066666666667,2.670266666666667,241.53043055555557,3.2391666666666663,475.0,468.0,5788.0,11808.066666666666
2009-10-27,18.6126,2.8966333333333334,241.2427638888889,3.27,579.0,449.0,8367.0,9217.600000000002
2009-10-28,21.145133333333334,2.7495333333333334,241.40815277777776,3.6894444444444447,1044.0,463.0,9318.0,10320.133333333335
2009-10-29,33.024,4.1973666666666665,240.3468611111111,5.853333333333333,765.0,4125.0,5677.0,22457.0
2009-10-30,24.8893,2.8089,241.48033333333333,4.352083333333334,1779.0,2005.0,8828.0,12277.3
2009-10-31,31.2657,2.8509666666666664,240.51906250000002,5.452638888888889,1773.0,2514.0,14637.0,12341.7
2009-11-01,30.719466666666666,3.6983666666666664,240.92416666666665,5.388333333333334,1970.0,470.0,12215.0,16064.466666666667
2009-11-02,25.07043333333333,2.8346999999999998,241.28460416666667,4.4006944444444445,1881.0,471.0,7490.0,15228.43333333333
2009-11-03,37.77813333333334,4.029366666666666,241.14193055555555,6.631805555555555,2009.0,3951.0,9025.0,22793.13333333334
2009-11-04,30.029999999999998,2.8738,242.07813194444446,5.230833333333333,1075.0,4008.0,12246.0,12700.999999999996
2009-11-05,26.007766666666665,2.6510666666666665,241.6652777777778,4.538611111111111,1105.0,532.0,9868.0,14502.766666666666
2009-11-06,23.174166666666668,2.822566666666667,242.56815972222225,4.030972222222222,0.0,442.0,11326.0,11406.166666666668
2009-11-07,25.95293333333333,3.2946666666666666,241.87858333333332,4.510416666666667,2187.0,408.0,10014.0,13343.93333333333
2009-11-08,41.80003333333333,3.7781333333333333,243.25039583333333,7.242777777777778,4941.0,2075.0,14871.0,19913.033333333333
2009-11-09,23.412533333333332,2.964566666666667,243.5773592772759,4.093954134815844,1125.0,430.0,7621.0,14236.533333333333
2009-11-10,26.76973333333333,2.7883666666666667,242.50097916666664,4.648194444444444,1118.0,432.0,11788.0,13431.73333333333
2009-11-11,34.008,3.7178,242.37135416666666,5.974722222222223,2338.0,5105.0,11214.0,15351.0
2009-11-12,24.384433333333334,2.5533,242.2066736111111,4.253333333333334,1486.0,429.0,9403.0,13066.433333333334
2009-11-13,25.548766666666666,2.615533333333333,241.23570833333332,4.456388888888889,1856.0,407.0,9178.0,14107.766666666666
2009-11-14,42.67426666666667,4.097466666666667,240.22240277777777,7.4534722222222225,4169.0,2411.0,18868.0,17226.26666666667
2009-11-15,32.788466666666665,3.5191333333333334,240.32536805555557,5.778472222222222,991.0,5278.0,9446.0,17073.466666666667
2009-11-16,25.241133333333334,2.6199,241.884875,4.403194444444445,2021.0,545.0,9354.0,13321.133333333335
2009-11-17,28.471566666666668,2.7938,242.66059722222224,4.913472222222222,0.0,453.0,11616.0,16402.56666666667
2009-11-18,43.98623333333333,3.398,241.29666666666668,7.685833333333334,6012.0,7655.0,13787.0,16532.23333333333
2009-11-19,24.5808,2.4842333333333335,242.97506944444442,4.251111111111111,0.0,481.0,10936.0,13163.8
2009-11-20,32.6836,2.4337666666666666,241.58236805555555,5.692222222222222,843.0,407.0,12816.0,18617.6
2009-11-21,41.61426666666667,3.521733333333333,240.62086805555555,7.281111111111111,5694.0,1997.0,12553.0,21370.26666666667
2009-11-22,40.8496,3.7106333333333335,241.0777013888889,7.193194444444445,6774.0,411.0,16097.0,17567.600000000006
2009-11-23,24.518700000000003,2.4722999999999997,242.7427152777778,4.236666666666666,0.0,402.0,8230.0,15886.700000000004
2009-11-24,35.48093333333334,2.5636666666666668,241.9765277777778,6.179861111111111,2491.0,4579.0,9086.0,19324.93333333334
2009-11-25,33.00216666666667,2.9246,241.17878472222222,5.770277777777778,745.0,5083.0,10596.0,16578.166666666664
2009-11-26,26.660433333333334,2.3590333333333335,242.6434652777778,4.61125,2262.0,407.0,10069.0,13922.433333333334
2009-11-27,23.000433333333334,2.2175333333333334,241.85881944444446,3.9611111111111112,0.0,396.0,11599.0,11005.433333333334
2009-11-28,30.9825,3.753633333333333,241.5964513888889,5.4061111111111115,3199.0,386.0,14350.0,13047.5
2009-11-29,27.516033333333333,3.184266666666667,243.30872222222223,4.776666666666666,1073.0,3061.0,7828.0,15554.033333333333
2009-11-30,29.0865,2.556366666666667,243.76430555555555,5.022361111111111,1080.0,361.0,12039.0,15606.5
2009-12-01,29.272966666666665,2.3645666666666667,242.63315277777778,5.078333333333333,0.0,354.0,10821.0,18097.966666666664
2009-12-02,39.09446666666667,2.8371666666666666,241.6693125,6.819722222222222,1143.0,7052.0,12851.0,18048.466666666667
2009-12-03,24.66146666666667,2.4203666666666668,243.28409722222221,4.293333333333333,1039.0,402.0,9906.0,13314.46666666667
2009-12-04,28.52156666666667,3.0537,243.38570138888886,4.985138888888889,1158.0,352.0,9134.0,17877.56666666667
2009-12-05,39.19603333333334,4.568533333333334,241.29875694444445,6.922499999999999,3822.0,351.0,13324.0,21699.03333333334
2009-12-06,39.638133333333336,4.864866666666667,241.26927083333334,6.983333333333333,2850.0,4175.0,12420.0,20193.13333333334
2009-12-07,29.043966666666666,2.7514666666666665,242.54359722222225,5.065833333333334,1132.0,358.0,10291.0,17262.966666666667
2009-12-08,33.44806666666667,2.9865333333333335,243.73107638888888,5.790277777777778,1108.0,350.0,15376.0,16614.066666666666
2009-12-09,30.039266666666666,3.1265666666666667,242.40731944444443,5.2498611111111115,2054.0,3355.0,7971.0,16659.266666666666
2009-12-10,34.2381,3.7187333333333332,241.78199582753825,5.968984700973574,2823.0,349.0,15399.0,15667.100000000006
2009-12-11,29.741033333333334,3.6604,244.29111805555556,5.130833333333333,1546.0,385.0,11251.0,16559.033333333333
2009-12-12,30.273000000000003,4.1455,244.9389513888889,5.2612499999999995,1087.0,4120.0,8198.0,16868.000000000004
2009-12-13,35.646899999999995,3.7031666666666667,244.4975972222222,6.164861111111111,3984.0,417.0,13178.0,18067.899999999994
2009-12-14,29.91436666666667,2.5330333333333335,246.1488125,5.122222222222222,1090.0,2280.0,10742.0,15802.366666666669
2009-12-15,32.33526666666667,2.7057333333333333,246.04318055555555,5.514583333333333,1111.0,392.0,14084.0,16748.26666666667
2009-12-16,23.2479,2.5738333333333334,247.21586805555555,3.993333333333333,1143.0,2943.0,8104.0,11057.900000000001
2009-12-17,28.6197,2.4828333333333332,246.89413194444444,4.84125,0.0,308.0,14395.0,13916.7
2009-12-18,29.078433333333333,2.6736333333333335,246.5948541666667,4.968333333333333,1195.0,304.0,11466.0,16113.433333333334
2009-12-19,36.738899999999994,2.2934666666666668,245.93454166666666,6.242916666666666,1165.0,2662.0,13681.0,19230.899999999994
2009-12-20,19.069433333333333,2.0349999999999997,247.43500694444444,3.2444444444444445,1237.0,313.0,7795.0,9724.433333333334
2009-12-21,33.9161,2.8658,246.4092152777778,5.778333333333332,3293.0,282.0,11473.0,18868.1
2009-12-22,31.467033333333333,2.556033333333333,245.73843749999997,5.365694444444444,0.0,285.0,15829.0,15353.033333333333
2009-12-23,24.253333333333334,2.2569333333333335,246.87896527777778,4.121388888888889,1143.0,284.0,11205.0,11621.333333333332
2009-12-24,48.43156666666666,3.3943333333333334,245.83511805555557,8.29361111111111,5184.0,5575.0,15198.0,22474.56666666666
2009-12-25,35.4608,3.2064,243.58829861111113,6.127638888888888,3371.0,3895.0,14288.0,13906.799999999996
2009-12-26,36.393633333333334,2.6814000000000004,242.46571527777778,6.30638888888889,1186.0,4294.0,16047.0,14866.633333333331
2009-12-27,36.59086666666666,3.4527333333333337,242.66604166666664,6.364722222222222,4218.0,318.0,12450.0,19604.86666666666
2009-12-28,34.90163333333333,3.0278,243.77761111111113,6.033333333333333,2175.0,2063.0,14934.0,15729.633333333331
2009-12-29,34.1328,4.034166666666667,243.18301388888887,5.912638888888889,1260.0,346.0,10205.0,22321.800000000003
2009-12-30,40.85183333333334,4.446566666666667,241.05222916666668,7.168472222222222,5284.0,4539.0,12484.0,18544.833333333336
2009-12-31,36.864866666666664,3.1102,240.95881944444446,6.401666666666666,0.0,387.0,19409.0,17068.86666666666
2010-01-01,20.4042,2.7556000000000003,242.56572222222223,3.537083333333333,2304.0,327.0,3558.0,14215.2
2010-01-02,21.813933333333335,3.3236,244.67717859624742,3.813759555246699,801.0,298.0,6424.0,14290.933333333334
2010-01-03,34.72423333333334,3.1935000000000002,243.74452777777776,6.044166666666667,3842.0,4920.0,10074.0,15888.233333333337
2010-01-04,26.735533333333333,2.606733333333333,245.69911805555554,4.599444444444444,0.0,292.0,10812.0,15631.533333333333
2010-01-05,36.99633333333334,2.482266666666667,244.5210347222222,6.347083333333333,1785.0,293.0,16468.0,18450.333333333343
2010-01-06,29.619666666666667,2.534666666666667,245.2348125,5.112083333333333,1731.0,3256.0,11359.0,13273.666666666668
2010-01-07,29.4907,1.9170666666666667,244.90856250000002,5.069722222222222,1198.0,255.0,12936.0,15101.7
2010-01-08,29.953466666666667,2.663,244.4048125,5.151388888888889,0.0,994.0,12531.0,16428.466666666667
2010-01-09,38.94833333333334,3.3233333333333333,243.8697361111111,6.733472222222223,2781.0,4855.0,14734.0,16578.333333333336
2010-01-10,41.807766666666666,3.786166666666667,243.84061805555555,7.226388888888889,3564.0,2032.0,14108.0,22103.766666666663
2010-01-11,25.3114,2.6034333333333333,246.0691111111111,4.335138888888889,1251.0,340.0,10279.0,13441.399999999998
2010-01-15,36.61266666666667,3.6381666666666663,243.72576388888888,6.335,1957.0,2952.0,13546.0,18157.66666666667
2010-01-16,35.8352,4.041966666666666,243.0452361111111,6.219722222222222,2605.0,2415.0,13652.0,17163.199999999997
2010-01-17,31.775933333333334,3.1497666666666664,242.54300694444444,5.521527777777778,1992.0,298.0,15044.0,14441.933333333334
2010-01-18,31.351633333333332,3.1961999999999997,243.63636805555555,5.4215277777777775,617.0,295.0,12981.0,17458.63333333333
2010-01-19,40.55846666666666,2.6959,243.02311111111112,7.004583333333334,2044.0,653.0,19311.0,18550.46666666666
2010-01-20,39.19546666666667,3.3310000000000004,242.76043750000002,6.810694444444445,2317.0,3341.0,14563.0,18974.466666666667
2010-01-21,35.63093333333333,3.090333333333333,242.95125,6.161944444444445,894.0,449.0,16451.0,17836.933333333334
2010-01-22,29.843766666666667,2.6143,241.8501736111111,5.183194444444444,699.0,352.0,14512.0,14280.766666666666
2010-01-23,43.475166666666674,4.339266666666666,240.82836692147325,7.665323141070187,3154.0,4086.0,16021.0,20214.16666666667
2010-01-24,37.82366666666667,2.9206333333333334,241.74617361111112,6.605138888888889,3496.0,2760.0,11046.0,20521.66666666667
2010-01-25,32.17516666666667,2.4612333333333334,242.8986111111111,5.55,1368.0,455.0,16136.0,14216.166666666668
2010-01-26,34.459399999999995,2.182166666666667,243.33947916666665,5.903472222222222,526.0,395.0,16243.0,17295.399999999994
2010-01-27,46.015033333333335,2.4793666666666665,241.98610416666665,7.990138888888889,2044.0,6403.0,18154.0,19414.033333333333
2010-01-28,35.170566666666666,2.6420000000000003,243.2490347222222,6.0633333333333335,2032.0,504.0,14987.0,17647.566666666666
2010-01-29,34.88316666666666,2.4612333333333334,243.63280555555554,5.978611111111111,1488.0,851.0,18061.0,14483.166666666664
2010-01-30,47.3788,3.933266666666667,242.07939583333334,8.307222222222222,3240.0,7544.0,17891.0,18703.799999999996
2010-01-31,29.9866,2.8586,243.40263888888887,5.202222222222222,1715.0,1380.0,12569.0,14322.599999999999
2010-02-01,28.229633333333332,2.0797333333333334,243.63174305555557,4.857777777777778,1111.0,367.0,14623.0,12128.633333333331
2010-02-02,35.95719999999999,2.1861333333333333,243.33281944444445,6.148333333333333,0.0,382.0,21536.0,14039.19999999999
2010-02-03,48.38356666666667,3.0615333333333337,242.3880763888889,8.37,2234.0,8423.0,21130.0,16596.566666666666
2010-02-04,38.6045,2.3641333333333336,242.10079166666668,6.643888888888889,1074.0,532.0,23743.0,13255.5
2010-02-05,34.98153333333333,2.382966666666667,241.94126388888887,6.075416666666667,902.0,474.0,18008.0,15597.533333333333
2010-02-06,45.216433333333335,4.943566666666666,241.09206944444446,7.933194444444444,4324.0,2209.0,17857.0,20826.433333333334
2010-02-07,27.095133333333333,2.7077666666666667,242.68447222222224,4.726805555555556,2736.0,3837.0,5546.0,14976.133333333331
2010-02-08,43.037299999999995,2.3291666666666666,241.99677777777777,7.4075,1161.0,431.0,19764.0,21681.299999999996
2010-02-09,40.348866666666666,2.328533333333333,243.1503680555556,6.920138888888889,1214.0,410.0,19769.0,18955.86666666667
2010-02-10,32.40903333333333,2.3603666666666667,242.45006254343295,5.608756080611536,1219.0,2976.0,12214.0,16000.033333333333
2010-02-11,22.82946666666667,2.069166666666667,244.51238194444446,3.9073611111111113,0.0,330.0,9916.0,12583.466666666667
2010-02-12,31.549966666666666,2.2047000000000003,243.62629166666665,5.408055555555555,1241.0,312.0,15211.0,14785.966666666667
2010-02-13,39.1926,2.4132333333333333,242.88909027777777,6.744027777777777,1838.0,5292.0,18710.0,13352.599999999999
2010-02-14,28.111633333333334,2.0768333333333335,243.1435302293259,4.830715774843641,1223.0,318.0,13190.0,13380.633333333335
2010-02-15,34.9522,2.1878333333333333,243.44677777777775,6.042361111111111,3468.0,332.0,16065.0,15087.199999999997
2010-02-16,29.962600000000002,1.9934333333333332,243.75376388888887,5.148333333333333,1945.0,317.0,12820.0,14880.600000000002
2010-02-17,34.242666666666665,1.9926666666666668,242.34681944444444,5.94125,2294.0,6636.0,10101.0,15211.666666666664
2010-02-18,29.3526,2.3333333333333335,243.58819444444444,5.038194444444445,965.0,385.0,14884.0,13118.599999999999
2010-02-19,32.559533333333334,2.2525,241.70740277777776,5.654166666666667,2124.0,397.0,14543.0,15495.533333333333
2010-02-20,33.062133333333335,2.5208,241.78896527777778,5.745555555555556,3748.0,382.0,14470.0,14462.133333333339
2010-02-21,45.6719,2.790966666666667,240.625375,8.038333333333334,5905.0,8142.0,17083.0,14541.900000000001
2010-02-22,24.56726666666667,2.6770666666666667,240.57949305555553,4.315,1393.0,2167.0,10159.0,10848.26666666667
2010-02-23,24.354666666666667,2.8009666666666666,241.98468055555557,4.254583333333334,0.0,3001.0,8806.0,12547.666666666668
2010-02-24,31.904633333333333,2.5021333333333335,241.4657986111111,5.523055555555556,2260.0,1682.0,14315.0,13647.633333333331
2010-02-25,31.33673333333333,2.1813000000000002,240.98316666666668,5.405833333333333,0.0,474.0,15120.0,15742.73333333333
2010-02-26,35.33593333333333,2.321833333333333,240.42563194444443,6.139305555555556,1146.0,2454.0,14821.0,16914.933333333327
2010-02-27,29.4176,2.5398333333333336,241.54445833333335,5.150833333333333,3743.0,441.0,14358.0,10875.599999999999
2010-02-28,11.8611,2.234466666666667,242.56746527777779,2.06125,0.0,487.0,2952.0,8422.1
2010-03-01,21.645466666666668,2.167933333333333,241.82277777777776,3.7577777777777777,1785.0,471.0,7115.0,12274.466666666667
2010-03-02,12.781766666666668,2.2732666666666663,241.75205555555556,2.2255555555555557,0.0,424.0,3605.0,8752.766666666668
2010-03-03,15.597233333333332,2.0155666666666665,241.2114375,2.7330555555555556,0.0,425.0,7221.0,7951.233333333332
2010-03-04,11.381333333333334,2.0992333333333333,242.9922916666667,2.0072222222222225,0.0,436.0,2928.0,8017.333333333334
2010-03-05,18.895433333333337,2.2569333333333335,243.4863125,3.26625,1108.0,351.0,5918.0,11518.433333333338
2010-03-06,13.2452,2.3259666666666665,243.03125694444446,2.3066666666666666,0.0,419.0,3970.0,8856.2
2010-03-07,22.874533333333332,2.232466666666667,243.55174305555556,3.966666666666667,0.0,4674.0,3679.0,14521.533333333333
2010-03-08,42.6183,4.205633333333333,243.77458333333334,7.424444444444445,4214.0,7645.0,15971.0,14788.299999999996
2010-03-09,29.3352,2.8013,243.52749999999997,5.080694444444444,846.0,397.0,10893.0,17199.2
2010-03-10,30.377200000000002,2.1716333333333333,243.56579166666666,5.196944444444445,1167.0,375.0,14916.0,13919.2
2010-03-11,32.518166666666666,2.5398,242.68144444444445,5.639444444444445,2071.0,320.0,15706.0,14421.166666666664
2010-03-12,27.423733333333335,2.4785,243.0135347222222,4.722222222222222,1691.0,411.0,14076.0,11245.733333333334
2010-03-13,39.71683333333333,4.422700000000001,241.99693750000003,6.905,2848.0,5534.0,17973.0,13361.833333333328
2010-03-14,26.1119,3.3438666666666665,241.9863125,4.594861111111111,3464.0,918.0,7101.0,14628.899999999998
2010-03-15,29.864166666666666,2.7385333333333337,242.29575,5.178333333333334,778.0,436.0,15053.0,13597.166666666664
2010-03-16,25.710833333333333,2.7956,241.5400763888889,4.460972222222223,0.0,457.0,10083.0,15170.833333333332
2010-03-17,33.485499999999995,3.0957999999999997,241.64133333333334,5.8277777777777775,1136.0,5851.0,13105.0,13393.499999999993
2010-03-18,26.0447,2.770233333333333,241.5022638888889,4.547361111111111,1147.0,570.0,10845.0,13482.699999999997
2010-03-19,27.723066666666668,3.157966666666667,241.42446527777776,4.8059722222222225,0.0,596.0,12591.0,14536.06666666667
2010-03-22,26.976499999999998,2.859266666666667,241.35879166666666,4.687083333333333,1142.0,557.0,13859.0,11418.499999999996
2010-03-23,30.369366666666668,3.1105666666666667,241.1662986111111,5.370416666666666,2892.0,1153.0,13107.0,13217.366666666669
2010-03-24,33.245866666666664,3.492633333333333,240.72467361111114,5.801944444444444,1075.0,5832.0,12817.0,13521.866666666661
2010-03-25,27.998066666666666,3.1126333333333336,242.26515277777779,4.843194444444444,0.0,611.0,13797.0,13590.066666666666
2010-03-26,27.521400000000003,3.431366666666667,241.50402777777776,4.79875,1078.0,682.0,12547.0,13214.400000000005
2010-03-27,30.799500000000002,3.2515333333333336,240.41256944444442,5.393472222222223,1067.0,3080.0,12483.0,14169.500000000004
2010-03-28,29.970233333333333,4.340466666666667,241.37355555555555,5.323888888888889,1083.0,7895.0,7118.0,13874.233333333334
2010-03-29,27.045633333333335,3.4513666666666665,241.52158333333335,4.726388888888889,0.0,636.0,15420.0,10989.633333333335
2010-03-30,31.77423333333333,4.678633333333334,241.08461805555555,5.636527777777778,1760.0,571.0,13765.0,15678.23333333333
2010-03-31,32.06336666666667,3.3596333333333335,240.1941736111111,5.662916666666667,1067.0,6313.0,12041.0,12642.366666666669
2010-04-01,28.124000000000002,2.4077333333333333,241.75415972222223,4.879027777777778,1780.0,517.0,14393.0,11434.000000000004
2010-04-02,27.477033333333335,2.5484333333333336,242.77352083333332,4.733472222222222,0.0,483.0,13074.0,13920.033333333336
2010-04-03,30.087966666666667,3.444166666666667,243.24993055555558,5.170972222222222,1778.0,648.0,17694.0,9967.966666666667
2010-04-04,28.173133333333332,3.9829333333333334,241.74743055555555,4.925694444444445,1097.0,831.0,12687.0,13558.133333333331
2010-04-05,18.647,2.7569999999999997,243.6551458333333,3.26875,1755.0,1436.0,5503.0,9953.0
2010-04-06,30.430866666666667,2.843566666666667,242.74411111111112,5.258888888888889,1154.0,613.0,12476.0,16187.866666666665
2010-04-07,26.616366666666668,3.0754333333333337,241.83122916666665,4.645416666666667,1077.0,3440.0,11362.0,10737.366666666669
2010-04-08,27.487000000000002,2.7523666666666666,241.99483333333333,4.759027777777778,145.0,669.0,13322.0,13351.000000000004
2010-04-09,20.555833333333332,2.7080333333333333,242.58288194444444,3.570555555555556,1088.0,566.0,10595.0,8306.833333333332
2010-04-10,19.8368,2.992,241.28286111111112,3.48625,1044.0,960.0,8933.0,8899.8
2010-04-11,26.7135,2.9168000000000003,241.4922724113968,4.735927727588603,5499.0,554.0,8850.0,11810.5
2010-04-12,23.990433333333332,2.628833333333333,242.00644444444447,4.164305555555556,660.0,611.0,11949.0,10770.43333333333
2010-04-13,25.21173333333333,2.852333333333333,241.735125,4.392222222222222,1097.0,646.0,13033.0,10435.73333333333
2010-04-14,27.672733333333333,2.9866333333333333,241.3756111111111,4.8469444444444445,1132.0,5871.0,9194.0,11475.733333333334
2010-04-15,31.20296666666667,2.7889333333333335,240.8521875,5.425416666666667,2526.0,658.0,15667.0,12351.966666666667
2010-04-16,26.034366666666664,2.8396666666666666,241.99183333333332,4.550694444444445,2837.0,592.0,12623.0,9982.366666666665
2010-04-17,25.961866666666666,2.4977,241.30517361111112,4.548055555555555,553.0,3124.0,12571.0,9713.866666666665
2010-04-18,24.601766666666666,2.4705333333333335,240.68122916666664,4.280833333333333,1104.0,618.0,12550.0,10329.766666666666
2010-04-19,28.476566666666667,2.7734,241.25981944444445,4.962916666666667,1230.0,4255.0,13474.0,9517.566666666666
2010-04-20,30.560466666666667,2.9316999999999998,240.77724999999998,5.33125,1388.0,719.0,16668.0,11785.466666666667
2010-04-21,26.3319,2.6401,241.93004166666668,4.556111111111111,0.0,635.0,12902.0,12794.900000000001
2010-04-22,24.3484,3.1108333333333333,240.74602083333335,4.2659722222222225,1062.0,653.0,12492.0,10141.400000000001
2010-04-23,19.6756,2.952733333333333,241.61291666666665,3.435277777777778,0.0,623.0,10981.0,8071.5999999999985
2010-04-24,25.306966666666664,5.113966666666667,241.51611805555558,4.585416666666666,4445.0,1483.0,8223.0,11155.966666666664
2010-04-25,25.712366666666664,3.983166666666667,240.66157638888888,4.521527777777778,0.0,2350.0,7595.0,15767.366666666665
2010-04-26,18.045266666666667,2.7736666666666663,241.23138194444445,3.169166666666667,1038.0,460.0,7635.0,8912.266666666666
2010-04-27,20.849,2.7046666666666668,242.07596527777778,3.6158333333333337,0.0,545.0,8539.0,11765.0
2010-04-28,14.4643,3.0447333333333333,242.51982638888887,2.551111111111111,0.0,578.0,6035.0,7851.299999999999
2010-04-29,18.3954,2.895233333333333,242.2791736111111,3.1961111111111107,12.0,679.0,8102.0,9602.399999999998
2010-04-30,18.6438,3.4732333333333334,241.81767361111113,3.3229166666666665,2695.0,659.0,6969.0,8320.8
2010-05-01,22.002633333333332,3.2087333333333334,240.64716666666666,3.9298611111111112,1984.0,4885.0,6751.0,8382.633333333331
2010-05-02,36.46516666666666,3.8996666666666666,240.38825,6.422499999999999,1858.0,7966.0,14454.0,12187.166666666664
2010-05-03,23.5217,2.5532,237.18724305555557,4.158888888888889,980.0,534.0,11825.0,10182.7
2010-05-04,25.282666666666668,2.570666666666667,236.03702777777778,4.5025,0.0,1018.0,12007.0,12257.666666666668
2010-05-05,30.088466666666665,2.1533333333333333,236.10560416666667,5.365138888888889,2969.0,2194.0,12183.0,12742.466666666667
2010-05-06,21.654166666666665,1.9784000000000002,235.98911111111113,3.8222222222222224,0.0,301.0,10280.0,11073.166666666664
2010-05-07,27.400066666666664,2.4194,237.49589583333335,4.8156944444444445,1053.0,332.0,13602.0,12413.066666666666
2010-05-08,25.557033333333333,2.8870333333333336,241.89702083333336,4.485277777777778,3569.0,2435.0,10158.0,9395.033333333333
2010-05-09,26.1085,3.4230666666666663,241.40132638888886,4.638472222222222,2888.0,2636.0,9945.0,10639.5
2010-05-10,24.46486666666667,2.4049666666666667,240.99840972222225,4.260138888888889,0.0,403.0,12893.0,11168.866666666669
2010-05-11,26.189466666666664,2.5383333333333336,242.3830763888889,4.54375,1156.0,345.0,11418.0,13270.466666666664
2010-05-12,33.923633333333335,2.6633,241.716625,5.8902777777777775,1036.0,4434.0,16362.0,12091.633333333331
2010-05-13,25.874933333333335,2.5647333333333333,242.95948575399584,4.477970813064628,2123.0,1477.0,10527.0,11747.933333333334
2010-05-14,28.70243333333333,2.664733333333333,242.06722916666666,4.981944444444444,1045.0,334.0,16764.0,10559.43333333333
2010-05-15,32.412866666666666,3.8823999999999996,242.10271527777775,5.709305555555555,3347.0,336.0,13670.0,15059.866666666665
2010-05-16,35.0071,2.7397,240.97365277777777,6.154444444444445,3361.0,3922.0,11888.0,15836.099999999999
2010-05-17,27.136366666666667,2.4562666666666666,241.36027083333332,4.723194444444444,1014.0,367.0,15344.0,10411.366666666669
2010-05-18,23.6864,2.4941999999999998,241.520875,4.118333333333333,0.0,370.0,11677.0,11639.399999999998
2010-05-19,23.7792,2.5208999999999997,241.60104166666667,4.1762500000000005,2122.0,659.0,9864.0,11134.2
2010-05-20,19.23163333333333,2.319,242.45078472222224,3.3552777777777782,0.0,369.0,10101.0,8761.633333333331
2010-05-21,21.573266666666665,2.7948999999999997,241.75904861111113,3.7977777777777777,1073.0,381.0,10113.0,10006.266666666666
2010-05-22,34.92953333333333,3.544966666666667,239.55310416666666,6.156527777777778,2278.0,2441.0,17454.0,12756.533333333333
2010-05-23,24.7926,4.218333333333333,240.69034722222221,4.398055555555556,864.0,416.0,9541.0,13971.599999999999
2010-05-24,22.355533333333334,3.8006666666666664,241.03509722222222,3.971111111111111,1875.0,2467.0,7746.0,10267.533333333333
2010-05-25,19.9771,3.397766666666667,240.2630486111111,3.5909722222222222,474.0,451.0,10439.0,8613.099999999999
2010-05-26,23.1314,4.026833333333333,239.54319444444445,4.185,914.0,4500.0,8530.0,9187.399999999998
2010-05-27,22.0557,3.2639333333333336,239.92095138888888,3.91125,932.0,443.0,10669.0,10011.7
2010-05-28,23.302733333333332,2.7078333333333333,240.0395763888889,4.099027777777778,1020.0,413.0,11616.0,10253.733333333334
2010-05-29,34.163466666666665,3.4268666666666667,240.20170833333336,6.040555555555556,4057.0,400.0,16635.0,13071.466666666667
2010-05-30,27.761666666666667,2.9482,240.46701388888889,4.902083333333334,2405.0,2976.0,9708.0,12672.666666666668
2010-05-31,22.341033333333332,2.431233333333333,240.69020833333335,3.9730555555555553,1710.0,2171.0,10461.0,7999.033333333333
2010-06-01,21.1494,2.2828333333333335,240.5402777777778,3.7181944444444444,970.0,400.0,11858.0,7921.4000000000015
2010-06-02,16.348300000000002,2.153966666666667,240.33645833333333,2.9158333333333335,0.0,656.0,8454.0,7238.300000000001
2010-06-03,23.23643333333333,2.7339333333333333,240.24450694444445,4.154166666666667,2916.0,451.0,12304.0,7565.433333333331
2010-06-04,23.675900000000002,3.0874,240.27963888888888,4.203333333333333,1695.0,397.0,12517.0,9066.900000000001
2010-06-05,33.49406666666667,4.8998333333333335,241.10038194444445,6.095138888888889,10932.0,1253.0,12223.0,9086.066666666666
2010-06-06,29.1132,4.8530999999999995,241.42161805555557,5.288194444444445,7609.0,574.0,11365.0,9565.2
2010-06-07,16.868033333333333,3.0685000000000002,242.33104861111113,3.0329166666666665,1821.0,488.0,6737.0,7822.033333333333
2010-06-08,22.700566666666667,3.3055666666666665,241.07685416666666,4.03375,1513.0,821.0,11374.0,8992.566666666666
2010-06-09,25.578033333333334,3.0422333333333333,241.18673611111112,4.544722222222222,2774.0,4269.0,8255.0,10280.033333333333
2010-06-10,20.25316666666667,2.8870999999999998,241.69444444444446,3.591527777777778,0.0,474.0,10870.0,8909.166666666668
2010-06-11,24.5112,3.6428333333333334,241.45329166666667,4.4125,3439.0,468.0,11728.0,8876.199999999997
2010-06-12,32.885133333333336,4.527866666666667,240.35382904794994,5.847671994440583,2705.0,3657.0,16184.0,10339.133333333339
2010-06-13,27.905933333333333,4.2286,241.20292361111112,5.06,4922.0,2516.0,9096.0,11371.933333333334
2010-06-14,20.299733333333332,2.977333333333333,241.61683333333332,3.61375,958.0,473.0,10336.0,8532.733333333334
2010-06-15,20.39943333333333,2.984933333333333,240.9032986111111,3.622916666666667,0.0,488.0,10144.0,9767.43333333333
2010-06-16,29.468200000000003,3.0513,240.75138194444443,5.18375,1875.0,4999.0,10336.0,12258.200000000004
2010-06-17,17.133633333333332,2.804466666666667,240.42709027777778,3.0509722222222218,0.0,488.0,8510.0,8135.633333333331
2010-06-18,22.205266666666667,2.8569666666666667,240.52340972222223,3.945972222222222,977.0,454.0,11977.0,8797.266666666666
2010-06-19,23.603666666666665,3.5134666666666665,241.7036388888889,4.214166666666666,2385.0,1803.0,9554.0,9861.666666666664
2010-06-20,27.875833333333333,2.4013333333333335,240.30783333333335,4.924444444444444,1021.0,4195.0,12337.0,10322.833333333332
2010-06-21,27.681500000000003,2.8280000000000003,240.95399305555554,4.947638888888889,3824.0,3525.0,11179.0,9153.500000000004
2010-06-22,25.343133333333334,3.4905666666666666,240.6849236111111,4.581666666666667,968.0,6176.0,9230.0,8969.133333333335
2010-06-23,24.0344,4.941366666666666,239.99858333333336,4.383194444444444,5740.0,1500.0,10188.0,6606.4000000000015
2010-06-24,18.262999999999998,3.846366666666667,240.80948611111108,3.274583333333333,973.0,883.0,8090.0,8316.999999999996
2010-06-25,18.323966666666667,3.645566666666667,240.5305486111111,3.3211111111111107,0.0,689.0,10466.0,7168.966666666667
2010-06-26,16.360333333333333,4.908166666666667,241.4948611111111,3.002638888888889,921.0,1221.0,7939.0,6279.333333333334
2010-06-27,18.999399999999998,5.0785,239.94747916666665,3.4852777777777777,2665.0,764.0,7690.0,7880.399999999998
2010-06-28,24.522333333333332,4.681466666666666,240.4290138888889,4.3725,0.0,809.0,12516.0,11197.333333333332
2010-06-29,22.78826666666667,5.3786000000000005,240.33977762334956,4.161640027797081,1746.0,1978.0,8263.0,10801.26666666667
2010-06-30,23.068933333333334,3.9764666666666666,240.61095833333334,4.09375,398.0,806.0,5214.0,16650.933333333334
2010-07-01,22.483366666666665,4.807533333333334,239.31421527777775,4.051944444444445,877.0,921.0,7438.0,13247.366666666665
2010-07-02,19.01546666666667,4.9549666666666665,239.63011805555556,3.495,822.0,932.0,6337.0,10924.466666666667
2010-07-03,18.6679,5.248433333333334,241.33627777777778,3.42125,0.0,968.0,6151.0,11548.899999999998
2010-07-04,25.6348,4.6691,240.33446527777778,4.561805555555556,860.0,804.0,6597.0,17373.8
2010-07-05,18.5665,3.8974333333333333,241.18256250000002,3.3313888888888887,841.0,837.0,6913.0,9975.5
2010-07-06,16.765566666666665,3.2048666666666668,240.5297013888889,3.0056944444444444,0.0,771.0,8451.0,7543.566666666666
2010-07-07,13.913133333333333,3.4922666666666666,240.6574513888889,2.5466666666666664,879.0,760.0,5762.0,6512.133333333333
2010-07-08,20.210866666666668,4.1149000000000004,240.304125,3.6294444444444443,857.0,1350.0,8459.0,9544.866666666669
2010-07-09,18.05796666666667,5.234566666666667,240.79250694444445,3.3231944444444443,0.0,625.0,5356.0,12076.966666666667
2010-07-10,19.241733333333332,4.688033333333333,240.06252083333337,3.510277777777778,907.0,1240.0,8921.0,8173.733333333334
2010-07-11,19.89286666666667,5.043733333333334,239.7739513888889,3.6480555555555556,848.0,594.0,7781.0,10669.866666666669
2010-07-12,18.492900000000002,4.765199999999999,240.2186458333333,3.397222222222222,1724.0,646.0,6444.0,9678.900000000001
2010-07-13,23.035233333333334,4.795366666666666,240.49479166666666,4.2404166666666665,2273.0,2826.0,7894.0,10042.233333333334
2010-07-14,23.4912,4.141333333333333,240.34191666666666,4.260555555555555,1064.0,598.0,7575.0,14254.2
2010-07-15,27.219366666666666,3.2054,240.36994440583737,4.787491313412092,1071.0,2179.0,8203.0,15766.366666666665
2010-07-16,13.6676,3.2788,241.15434722222224,2.4870833333333335,0.0,568.0,3854.0,9245.6
2010-07-17,13.4392,3.0225,241.18420833333334,2.424166666666667,0.0,541.0,6094.0,6804.199999999999
2010-07-18,13.533966666666666,2.8321666666666667,241.45020138888887,2.417638888888889,0.0,498.0,3943.0,9092.966666666667
2010-07-19,13.352633333333333,3.2083,241.84955555555555,2.395,0.0,549.0,6105.0,6698.633333333333
2010-07-20,14.263733333333333,3.641,241.6489861111111,2.5684722222222223,9.0,550.0,5178.0,8526.733333333334
2010-07-21,17.7361,4.070766666666667,241.72080555555556,3.204861111111111,2030.0,585.0,6178.0,8943.100000000002
2010-07-22,19.407433333333334,5.188066666666667,241.1897847222222,3.5011111111111113,0.0,2151.0,5604.0,11652.433333333334
2010-07-23,19.602633333333333,4.754666666666666,239.8829166666667,3.5233333333333334,897.0,2106.0,8295.0,8304.633333333335
2010-07-24,15.361133333333333,4.764233333333333,240.29686805555554,2.786111111111111,0.0,2096.0,3892.0,9373.133333333333
2010-07-25,18.84016666666667,4.302766666666667,240.27947916666668,3.3686111111111114,0.0,3732.0,7549.0,7559.166666666668
2010-07-26,14.735833333333334,2.9643333333333337,240.93763194444443,2.658333333333333,0.0,2246.0,4147.0,8342.833333333334
2010-07-27,15.872666666666667,2.9121666666666663,239.63009722222225,2.8269444444444445,907.0,523.0,4042.0,10400.666666666668
2010-07-28,14.377566666666667,3.047766666666667,240.30625694444444,2.583472222222222,801.0,544.0,7232.0,5800.566666666666
2010-07-29,9.151733333333334,2.9544333333333332,240.3845347222222,1.6897222222222221,0.0,537.0,4158.0,4456.733333333334
2010-07-30,9.187666666666667,2.8809,240.04908333333333,1.695138888888889,0.0,534.0,4087.0,4566.666666666666
2010-07-31,9.243599999999999,3.028833333333333,239.68085416666665,1.7159722222222222,0.0,548.0,4272.0,4423.5999999999985
2010-08-01,9.261066666666666,3.0748333333333333,239.80130555555556,1.7205555555555554,0.0,558.0,4263.0,4440.066666666666
2010-08-02,9.158033333333332,3.0540666666666665,240.89735416666667,1.7008333333333332,0.0,536.0,4191.0,4431.033333333333
2010-08-03,10.253533333333333,2.9519333333333333,241.5017013888889,1.8530555555555557,0.0,527.0,4096.0,5630.533333333333
2010-08-04,9.055933333333334,2.990533333333333,241.39795138888888,1.6722222222222223,0.0,532.0,4116.0,4407.933333333334
2010-08-05,8.891266666666667,2.8946666666666667,241.8593888888889,1.6345833333333335,0.0,517.0,4013.0,4361.266666666666
2010-08-06,8.745766666666666,2.7430666666666665,240.9532361111111,1.6036111111111109,0.0,507.0,3947.0,4291.766666666666
2010-08-07,8.791266666666667,2.8004333333333333,241.32504861111113,1.6180555555555556,0.0,520.0,3968.0,4303.266666666666
2010-08-08,8.807666666666668,2.8015333333333334,240.7344652777778,1.6234722222222224,0.0,526.0,3958.0,4323.666666666668
2010-08-09,8.917733333333333,2.8581999999999996,241.06926388888888,1.6384722222222223,0.0,515.0,4042.0,4360.733333333332
2010-08-10,9.0793,3.030133333333333,241.95466666666664,1.6648611111111111,0.0,525.0,4141.0,4413.299999999999
2010-08-11,9.033366666666666,2.9343999999999997,240.54286805555554,1.6716666666666666,0.0,542.0,4118.0,4373.366666666665
2010-08-12,8.8283,2.8183000000000002,240.79493055555557,1.6237499999999998,0.0,514.0,3982.0,4332.300000000001
2010-08-13,8.9049,2.758966666666667,240.99115972222222,1.6345833333333335,0.0,508.0,4097.0,4299.9
2010-08-14,9.237833333333333,2.6751666666666667,241.165875,1.683472222222222,0.0,512.0,4471.0,4254.833333333332
2010-08-15,17.599766666666667,3.446166666666667,241.686625,3.161388888888889,0.0,4361.0,5282.0,7956.766666666666
2010-08-16,18.828833333333332,3.0835999999999997,241.07695833333335,3.4175,1530.0,463.0,7328.0,9507.833333333332
2010-08-23,12.760966666666667,3.4465999999999997,242.0454236111111,2.3279166666666664,0.0,565.0,6106.0,6089.966666666667
2010-08-24,12.049133333333334,2.9243,241.6081597222222,2.254861111111111,0.0,541.0,5712.0,5796.133333333333
2010-08-25,16.340133333333334,2.6855333333333333,241.11630555555556,2.9448611111111114,969.0,522.0,8959.0,5890.133333333333
2010-08-26,12.620866666666666,2.968233333333333,241.8138125,2.3005555555555555,0.0,538.0,5078.0,7004.866666666667
2010-08-27,33.844166666666666,5.0719666666666665,240.85945833333332,5.994027777777777,930.0,7583.0,12707.0,12624.166666666664
2010-08-28,24.0476,3.9583999999999997,242.56586111111113,4.281805555555556,2086.0,549.0,12983.0,8429.599999999999
2010-08-29,27.808,3.1948999999999996,241.00794444444443,4.937777777777778,3005.0,534.0,13095.0,11174.0
2010-08-30,24.913366666666665,3.0109333333333335,241.37439583333332,4.3825,940.0,1470.0,11790.0,10713.366666666665
2010-08-31,22.751766666666665,2.807666666666667,241.19238888888887,4.103472222222222,2099.0,1723.0,7958.0,10971.766666666666
2010-09-01,26.5553,3.003,241.26284027777777,4.691666666666666,1947.0,1194.0,13990.0,9424.3
2010-09-02,23.208199999999998,2.8385333333333334,240.94371527777778,4.08875,929.0,500.0,11785.0,9994.199999999997
2010-09-03,22.44023333333333,2.8099333333333334,240.5336736111111,3.9734722222222225,940.0,523.0,9747.0,11230.23333333333
2010-09-04,29.064,3.6337333333333333,241.10194444444443,5.173472222222222,2605.0,734.0,13241.0,12484.0
2010-09-05,22.0503,3.116833333333333,242.14060416666663,3.96375,1609.0,2732.0,7471.0,10238.3
2010-09-06,23.7146,2.6867333333333336,241.84175,4.206944444444445,3164.0,532.0,10174.0,9844.600000000002
2010-09-07,24.197566666666667,2.7993666666666663,241.2751597222222,4.307083333333333,1929.0,922.0,11829.0,9517.566666666666
2010-09-08,21.7302,2.8530333333333333,240.98400694444442,3.8720833333333333,1.0,495.0,7478.0,13756.2
2010-09-09,20.645233333333334,2.7992333333333335,240.6032152777778,3.701666666666666,1813.0,2128.0,7016.0,9688.233333333334
2010-09-10,22.135133333333332,3.3342,241.8182013888889,3.921527777777778,966.0,654.0,10773.0,9742.133333333331
2010-09-11,24.3885,3.9271666666666665,241.67075,4.311944444444444,930.0,1427.0,8996.0,13035.5
2010-09-12,26.8682,3.3559666666666668,241.61972222222224,4.755694444444444,1805.0,2080.0,8891.0,14092.2
2010-09-13,17.938666666666666,3.1633,241.15527083333336,3.241111111111111,1301.0,798.0,6710.0,9129.666666666668
2010-09-14,23.844633333333334,3.2834,240.94131944444445,4.237361111111111,1874.0,2705.0,10270.0,8995.633333333335
2010-09-15,16.434900000000003,3.6593,241.29677777777778,2.9531944444444447,0.0,898.0,6018.0,9518.900000000001
2010-09-16,22.328966666666666,2.8558333333333334,240.41177083333335,3.9340277777777777,1038.0,739.0,10310.0,10241.966666666667
2010-09-17,24.96013333333333,3.2773666666666665,240.814875,4.427777777777778,1954.0,5496.0,9727.0,7783.133333333331
2010-09-18,20.7991,2.6996333333333333,241.55907638888888,3.662361111111111,982.0,754.0,11779.0,7284.0999999999985
2010-09-19,15.326666666666666,2.4567666666666668,241.71130555555558,2.7115277777777775,0.0,1307.0,5156.0,8863.666666666666
2010-09-20,28.0472,3.2535666666666665,241.4937361111111,4.985972222222222,3323.0,766.0,13262.0,10696.2
2010-09-21,18.522933333333334,2.995233333333333,240.91864583333333,3.311527777777778,0.0,679.0,7969.0,9874.933333333334
2010-09-22,25.173233333333332,3.1388333333333334,240.65502777777778,4.468055555555556,2472.0,1167.0,11768.0,9766.233333333334
2010-09-23,24.16436666666667,2.7489666666666666,240.7245,4.227777777777778,1021.0,755.0,12002.0,10386.366666666669
2010-09-24,22.1332,3.0876,240.58872222222223,3.923611111111111,1739.0,773.0,8666.0,10955.199999999997
2010-09-29,28.073766666666664,2.3235,241.22340972222224,4.879166666666666,1579.0,648.0,13047.0,12799.766666666663
2010-09-30,20.804633333333335,2.553933333333333,242.30779166666665,3.6041666666666665,0.0,771.0,7988.0,12045.633333333335
2010-10-01,25.080333333333332,2.6297333333333333,240.80197916666665,4.372638888888889,1752.0,724.0,11307.0,11297.333333333332
2010-10-02,32.05423333333333,2.7681,240.70345833333332,5.584305555555555,3972.0,741.0,13532.0,13809.23333333333
2010-10-03,30.5114,3.3802333333333334,241.93284027777776,5.398472222222223,5000.0,2564.0,7738.0,15209.399999999998
2010-10-04,29.599333333333334,3.1264,240.62145833333335,5.197916666666667,1709.0,722.0,8252.0,18916.333333333336
2010-10-05,30.9104,3.544033333333333,239.91899999999998,5.422083333333333,0.0,3012.0,12037.0,15861.399999999998
2010-10-06,21.924266666666664,2.3428,241.27625,3.815555555555555,1016.0,527.0,8055.0,12326.266666666663
2010-10-07,30.1659,3.0016000000000003,241.60523611111108,5.287638888888889,2159.0,543.0,12666.0,14797.900000000001
2010-10-08,25.174266666666664,3.3436000000000003,240.98219444444445,4.433472222222222,964.0,710.0,9927.0,13573.266666666663
2010-10-09,26.863,4.233666666666667,240.1984375,4.740972222222222,959.0,1585.0,13132.0,11187.0
2010-10-10,33.31506666666667,5.457433333333333,240.3423472222222,5.9181944444444445,3325.0,773.0,10297.0,18920.066666666666
2010-10-11,27.043166666666664,4.475499999999999,239.92619444444443,4.820416666666667,1007.0,5006.0,8734.0,12296.166666666664
2010-10-12,26.3282,2.8378,240.26067361111112,4.681388888888889,1104.0,780.0,9812.0,14632.2
2010-10-13,34.564766666666664,2.8774,240.79931944444445,6.015833333333333,1988.0,611.0,16593.0,15372.766666666663
2010-10-14,35.585366666666665,3.5990666666666664,240.90321527777778,6.261111111111111,2583.0,2441.0,14239.0,16322.366666666669
2010-10-15,26.6054,3.359,240.7949444444444,4.6883333333333335,712.0,827.0,10786.0,14280.399999999998
2010-10-16,16.666900000000002,2.7989666666666664,241.91749305555555,2.936111111111111,0.0,645.0,7656.0,8365.900000000001
2010-10-17,17.456366666666668,3.0915666666666666,242.2758263888889,3.0640277777777776,995.0,666.0,4681.0,11114.366666666669
2010-10-18,45.2314,4.353066666666667,241.81618055555555,7.903333333333332,2234.0,10218.0,16382.0,16397.4
2010-10-19,32.09963333333334,3.6595,241.9127847222222,5.6530555555555555,1025.0,4110.0,9461.0,17503.633333333335
2010-10-20,28.7994,2.7094,242.248125,5.033611111111111,2154.0,690.0,10330.0,15625.399999999998
2010-10-21,22.586633333333335,3.0239,243.47242361111108,3.9468055555555552,755.0,691.0,6757.0,14383.633333333335
2010-10-22,27.814866666666667,2.4753666666666665,242.79820138888888,4.783194444444445,1106.0,478.0,12697.0,13533.866666666669
2010-10-23,38.2206,3.5518666666666667,242.24353472222222,6.689722222222223,3737.0,3883.0,13465.0,17135.6
2010-10-24,39.84246666666666,4.487133333333333,243.0216400277971,6.970813064628214,1982.0,7541.0,13237.0,17082.46666666666
2010-10-25,19.388199999999998,2.655466666666667,242.40615277777778,3.3922222222222222,0.0,541.0,6748.0,12099.199999999997
2010-10-26,15.765066666666666,2.8877666666666664,244.89095833333332,2.7504166666666667,0.0,2488.0,4989.0,8288.066666666666
2010-10-27,21.004633333333334,2.5638666666666667,246.1087083333333,3.622916666666667,0.0,2058.0,8269.0,10677.633333333335
2010-10-28,24.388766666666665,3.1206666666666667,246.25389583333333,4.200138888888889,1103.0,2627.0,9087.0,11571.766666666666
2010-10-29,20.0737,3.262,245.74310416666668,3.5119444444444445,1075.0,726.0,3911.0,14361.699999999997
2010-10-30,35.87833333333333,3.255333333333333,243.26736805555555,6.229027777777778,2353.0,614.0,15303.0,17608.33333333333
2010-10-31,24.607166666666668,3.468033333333333,245.49527777777777,4.235138888888889,1430.0,678.0,5589.0,16910.166666666668
2010-11-01,23.053,3.1181,246.37959722222223,3.937638888888889,0.0,634.0,8746.0,13673.0
2010-11-02,19.851366666666667,3.1086666666666667,245.78691666666666,3.4218055555555553,0.0,574.0,5784.0,13493.366666666669
2010-11-03,21.554966666666665,2.9377333333333335,244.27853472222225,3.7595833333333335,1021.0,1108.0,6529.0,12896.966666666664
2010-11-04,42.58576666666667,4.2073,243.15222916666667,7.4961111111111105,6029.0,11193.0,10286.0,15077.76666666667
2010-11-05,28.9348,3.0082999999999998,243.77503472222222,5.053333333333334,0.0,790.0,12610.0,15534.8
2010-11-06,30.09013333333333,3.2326333333333332,238.43022222222223,5.345138888888889,3255.0,680.0,9803.0,16352.133333333331
2010-11-07,27.896933333333333,2.9162666666666666,238.4364861111111,4.965972222222222,1026.0,621.0,6943.0,19306.933333333334
2010-11-08,30.425666666666665,2.4276,237.7430625,5.373194444444445,1087.0,555.0,13038.0,15745.666666666664
2010-11-09,33.701633333333334,2.577833333333333,237.78809027777777,5.985972222222221,2097.0,583.0,12500.0,18521.63333333333
2010-11-10,32.442233333333334,2.557866666666667,239.08477083333335,5.716666666666667,1026.0,5858.0,13308.0,12250.233333333334
2010-11-11,29.559866666666668,2.5364666666666666,238.72870833333334,5.2555555555555555,3424.0,2216.0,6259.0,17660.86666666667
2010-11-12,30.613699999999998,2.519066666666667,238.83789583333333,5.434861111111111,2054.0,489.0,10308.0,17762.699999999997
2010-11-13,33.719566666666665,2.7030000000000003,239.33274305555557,5.919583333333334,1051.0,589.0,13853.0,18226.566666666666
2010-11-14,33.9732,3.3949,239.2797986111111,6.032361111111111,5344.0,549.0,8758.0,19322.199999999997
2010-11-15,29.123033333333336,2.1119333333333334,239.54924305555554,5.125694444444444,1075.0,4222.0,8918.0,14908.033333333336
2010-11-16,25.162466666666667,2.2266333333333335,241.19761111111112,4.403611111111111,0.0,478.0,7949.0,16735.466666666667
2010-11-17,26.3672,2.3652666666666664,241.45224305555556,4.63125,1153.0,491.0,8915.0,15808.2
2010-11-18,27.535866666666667,3.4366,241.01675,4.876944444444445,2175.0,489.0,9449.0,15422.866666666669
2010-11-19,26.173333333333336,2.0488,240.04675694444447,4.5784722222222225,0.0,483.0,11914.0,13776.333333333336
2010-11-20,36.61676666666666,2.5628,240.60833333333332,6.472361111111112,4367.0,2947.0,11433.0,17869.766666666663
2010-11-21,15.015166666666666,1.9937333333333334,241.18019444444442,2.6379166666666665,0.0,506.0,4778.0,9731.166666666666
2010-11-22,34.025600000000004,2.3725666666666667,240.19711805555553,6.014166666666666,4855.0,2110.0,10136.0,16924.600000000006
2010-11-23,26.292266666666666,2.290833333333333,240.57552777777778,4.674444444444444,1871.0,458.0,7611.0,16352.266666666666
2010-11-24,29.93746666666667,2.207666666666667,240.0309652777778,5.249583333333333,1096.0,2848.0,12224.0,13769.46666666667
2010-11-25,23.852733333333333,1.9354666666666667,241.53625694444446,4.169444444444444,1076.0,426.0,5072.0,17278.733333333334
